2025-10-28 16:35:14,557 - AutomationEngine - INFO - sys.path güncellendi: C:\Users\ibrahim çete\Desktop\mini b2b 2
2025-10-28 16:36:04,897 - AutomationEngine - INFO - Gerekli sınıflar main.py'den başarıyla import edildi.
2025-10-28 16:36:05,026 - AutomationEngine - INFO - MonitoringErrorHandler başlatıldı.
2025-10-28 16:36:05,027 - AutomationEngine - CRITICAL - Motor başlatılırken beklenmedik hata: name 'json' is not defined
Traceback (most recent call last):
  File "C:\Users\ibrahim çete\Desktop\mini b2b 2\GÖREV YÖNETİCİ.py", line 105, in _load_config
    return json.load(f)
           ^^^^
NameError: name 'json' is not defined. Did you forget to import 'json'?

During handling of the above exception, another exception occurred:

Traceback (most recent call last):
  File "C:\Users\ibrahim çete\Desktop\mini b2b 2\OTOMASYON.py", line 29, in __init__
    self.task_executor = TaskExecutor()
                         ~~~~~~~~~~~~^^
  File "C:\Users\ibrahim çete\Desktop\mini b2b 2\GÖREV YÖNETİCİ.py", line 76, in __init__
    self.config = self._load_config(config_path)
                  ~~~~~~~~~~~~~~~~~^^^^^^^^^^^^^
  File "C:\Users\ibrahim çete\Desktop\mini b2b 2\GÖREV YÖNETİCİ.py", line 109, in _load_config
    except json.JSONDecodeError:
           ^^^^
NameError: name 'json' is not defined. Did you forget to import 'json'?
2025-10-28 16:36:05,127 - AutomationEngine - INFO - FEEDBACK: ❌ KRİTİK HATA: Motor başlatılırken beklenmedik hata! Hata: name 'json' is not defined
2025-10-28 16:38:10,204 - AutomationEngine - INFO - sys.path güncellendi: C:\Users\ibrahim çete\Desktop\mini b2b 2
2025-10-28 16:38:19,411 - AutomationEngine - INFO - Gerekli sınıflar main.py'den başarıyla import edildi.
2025-10-28 16:38:19,491 - AutomationEngine - INFO - MonitoringErrorHandler başlatıldı.
2025-10-28 16:38:19,515 - database - INFO - Veritabanı bağlantısı başarılı (deneme 1)
2025-10-28 16:38:19,515 - database - INFO - Tablolar başarıyla oluşturuldu
2025-10-28 16:38:19,515 - database - INFO - Veritabanı migrasyonu tamamlandı
2025-10-28 16:38:19,525 - database - INFO - İndeksler başarıyla oluşturuldu
2025-10-28 16:38:19,525 - database - INFO - Database başlatıldı
2025-10-28 16:38:19,525 - AutomationEngine - INFO - TaskExecutor başarıyla başlatıldı ve manager'lar yüklendi.
2025-10-28 16:38:19,526 - AutomationEngine - INFO - Kaydedilmiş iş akışı durumu bulunamadı.
2025-10-28 16:38:19,526 - AutomationEngine - INFO - WorkflowOrchestrator başlatıldı.
2025-10-28 16:38:19,526 - AutomationEngine - INFO - NLPCommandParser başlatıldı.
2025-10-28 16:38:19,526 - AutomationEngine - INFO - AILearningOptimizer başlatıldı.
2025-10-28 16:38:19,528 - AutomationEngine - INFO - FEEDBACK: ✅ Otomasyon Motoru başarıyla başlatıldı.
2025-10-28 16:38:19,529 - AutomationEngine - INFO - FEEDBACK: ✅ Yarım kalmış iş akışı bulunamadı.
2025-10-28 16:38:38,574 - AutomationEngine - INFO - GUI kapatılıyor, motor durdurulacak.
2025-10-28 16:38:40,034 - AutomationEngine - INFO - FEEDBACK: 🛑 Motor durduruluyor...
2025-10-28 16:38:40,037 - AutomationEngine - INFO - FEEDBACK: 👋 Motor durduruldu.
2025-10-28 16:38:40,037 - AutomationEngine - INFO - Otomasyon Motoru durduruldu.
2025-10-28 16:38:40,544 - AutomationEngine - INFO - GUI kapatma işlemi onaylandı.
2025-10-28 17:15:33,710 - AutomationEngine - INFO - sys.path güncellendi: C:\Users\ibrahim çete\Desktop\mini b2b 2
2025-10-28 17:15:48,580 - AutomationEngine - INFO - Gerekli sınıflar main.py'den başarıyla import edildi.
2025-10-28 17:17:12,437 - AutomationEngine - INFO - sys.path güncellendi: C:\Users\ibrahim çete\Desktop\mini b2b 2
2025-10-28 17:17:26,594 - AutomationEngine - INFO - Gerekli sınıflar main.py'den başarıyla import edildi.
2025-10-28 17:18:11,422 - AutomationEngine - INFO - sys.path güncellendi: C:\Users\ibrahim çete\Desktop\mini b2b 2
2025-10-28 17:18:19,438 - AutomationEngine - INFO - Gerekli sınıflar main.py'den başarıyla import edildi.
2025-10-28 17:18:19,620 - AutomationEngine - INFO - MonitoringErrorHandler başlatıldı.
2025-10-28 17:18:19,636 - database - INFO - Veritabanı bağlantısı başarılı (deneme 1)
2025-10-28 17:18:19,637 - database - INFO - Tablolar başarıyla oluşturuldu
2025-10-28 17:18:19,637 - database - INFO - Veritabanı migrasyonu tamamlandı
2025-10-28 17:18:19,669 - database - INFO - İndeksler başarıyla oluşturuldu
2025-10-28 17:18:19,670 - database - INFO - Database başlatıldı
2025-10-28 17:18:19,670 - AutomationEngine - INFO - TaskExecutor başarıyla başlatıldı ve manager'lar yüklendi.
2025-10-28 17:18:19,670 - AutomationEngine - INFO - Kaydedilmiş iş akışı durumu bulunamadı.
2025-10-28 17:18:19,670 - AutomationEngine - INFO - WorkflowOrchestrator başlatıldı.
2025-10-28 17:18:19,670 - AutomationEngine - INFO - NLPCommandParser başlatıldı.
2025-10-28 17:18:19,671 - AutomationEngine - INFO - AILearningOptimizer başlatıldı.
2025-10-28 17:18:19,672 - AutomationEngine - INFO - FEEDBACK: ✅ Otomasyon Motoru başarıyla başlatıldı.
2025-10-28 17:18:19,672 - AutomationEngine - INFO - FEEDBACK: ✅ Yarım kalmış iş akışı bulunamadı.
2025-10-28 17:18:29,948 - AutomationEngine - INFO - FEEDBACK: 💬 Komut alındı: 'Kayseri'deki mobilya firmalarını bul, analiz et ve 'Yaz Tanıtımı' kampanyasını gönder'
2025-10-28 17:18:29,949 - AutomationEngine - INFO - FEEDBACK: 🧠 Komut anlaşılıyor (NLP)...
2025-10-28 17:18:29,955 - AutomationEngine - INFO - NLP komutu ayrıştırılıyor: 'Kayseri'deki mobilya firmalarını bul, analiz et ve 'Yaz Tanıtımı' kampanyasını gönder'
2025-10-28 17:18:29,962 - AutomationEngine - INFO - Komut başarıyla ayrıştırıldı: {'intent': 'firma_ara_ve_kampanya', 'query': 'mobilya firması', 'location': 'Kayseri', 'max_results': 50, 'campaign_name': 'Yaz İndirimi'}
2025-10-28 17:18:29,963 - AutomationEngine - INFO - FEEDBACK: 👍 Komut anlaşıldı: {'intent': 'firma_ara_ve_kampanya', 'query': 'mobilya firması', 'location': 'Kayseri', 'max_results': 50, 'campaign_name': 'Yaz İndirimi'}
2025-10-28 17:18:29,964 - AutomationEngine - INFO - Yeni iş akışı başlatılıyor: workflow_1761661109
2025-10-28 17:18:29,966 - AutomationEngine - INFO - İş akışı durumu kaydedildi: workflow_state.json
2025-10-28 17:18:29,970 - AutomationEngine - INFO - FEEDBACK: 🚀 Yeni iş akışı 'workflow_1761661109' başlatıldı. İş akışı başlatıldı.
2025-10-28 17:18:29,970 - AutomationEngine - INFO - FEEDBACK: 🔄 Adım yürütülüyor: search...
2025-10-28 17:18:29,971 - AutomationEngine - INFO - Google Maps araması başlatılıyor: Sorgu='mobilya firması', Konum='Kayseri', Max=50
2025-10-28 17:18:29,974 - AutomationEngine - INFO - 148 mevcut place_id bulundu.
2025-10-28 17:18:29,976 - AutomationEngine - INFO - FEEDBACK: 🔍 Arama yapılıyor... (0/50)
2025-10-28 17:18:30,948 - AutomationEngine - INFO - FEEDBACK: 🔍 İşleniyor: Vinda Mobilya | Kayseri Mobilya Mağazası (1/50)
2025-10-28 17:18:31,641 - api_manager - WARNING - Firma detayı alınamadı: 'list' object has no attribute 'add'
2025-10-28 17:18:31,642 - AutomationEngine - INFO - FEEDBACK: 🔍 İşleniyor: İnegöl Mobilya Kayseri, Teleteknik Home (1/50)
2025-10-28 17:18:32,107 - api_manager - WARNING - Firma detayı alınamadı: 'list' object has no attribute 'add'
2025-10-28 17:18:32,108 - AutomationEngine - INFO - FEEDBACK: 🔍 İşleniyor: Titanic Möble - İnegöl Mobilyası - Kayseri Mobilya (1/50)
2025-10-28 17:18:32,703 - api_manager - WARNING - Firma detayı alınamadı: 'list' object has no attribute 'add'
2025-10-28 17:18:32,704 - AutomationEngine - INFO - FEEDBACK: 🔍 İşleniyor: LADİN MOBİLYA /KAYSERİ (1/50)
2025-10-28 17:18:33,166 - api_manager - WARNING - Firma detayı alınamadı: 'list' object has no attribute 'add'
2025-10-28 17:18:33,167 - AutomationEngine - INFO - FEEDBACK: 🔍 İşleniyor: Lava Concept - Kayseri İnegöl Mobilya (1/50)
2025-10-28 17:18:33,812 - api_manager - WARNING - Firma detayı alınamadı: 'list' object has no attribute 'add'
2025-10-28 17:18:33,813 - AutomationEngine - INFO - FEEDBACK: 🔍 İşleniyor: Zamantı Home Concept , İnegöl Mobilya (1/50)
2025-10-28 17:18:34,491 - api_manager - WARNING - Firma detayı alınamadı: 'list' object has no attribute 'add'
2025-10-28 17:18:34,492 - AutomationEngine - INFO - FEEDBACK: 🔍 İşleniyor: H.A ConCept inegöl Mobilyası (1/50)
2025-10-28 17:18:34,987 - api_manager - WARNING - Firma detayı alınamadı: 'list' object has no attribute 'add'
2025-10-28 17:18:34,987 - AutomationEngine - INFO - FEEDBACK: 🔍 İşleniyor: Nessihome Mobilya Kayseri (1/50)
2025-10-28 17:18:35,609 - api_manager - WARNING - Firma detayı alınamadı: 'list' object has no attribute 'add'
2025-10-28 17:18:35,610 - AutomationEngine - INFO - FEEDBACK: 🔍 İşleniyor: Baykan Mobilya (1/50)
2025-10-28 17:18:36,214 - api_manager - WARNING - Firma detayı alınamadı: 'list' object has no attribute 'add'
2025-10-28 17:18:36,214 - AutomationEngine - INFO - FEEDBACK: 🔍 İşleniyor: Elif Mobilya Fabrika Satış Mağazası (1/50)
2025-10-28 17:18:36,659 - api_manager - WARNING - Firma detayı alınamadı: 'list' object has no attribute 'add'
2025-10-28 17:18:36,659 - AutomationEngine - INFO - FEEDBACK: 🔍 İşleniyor: Mf Pierre Loti Home Collection (1/50)
2025-10-28 17:18:37,325 - api_manager - WARNING - Firma detayı alınamadı: 'list' object has no attribute 'add'
2025-10-28 17:18:37,325 - AutomationEngine - INFO - FEEDBACK: 🔍 İşleniyor: Ela Mobilya & Dekorasyon Mobilya İnovasyon İnşaat Oto Alım-Satım İthalat İhracat Sanayi ve Ticaret Ltd. Şti. (1/50)
2025-10-28 17:18:37,768 - api_manager - WARNING - Firma detayı alınamadı: 'list' object has no attribute 'add'
2025-10-28 17:18:37,768 - AutomationEngine - INFO - FEEDBACK: 🔍 İşleniyor: Evonza Home Koltuk Takımı ve Mobilya İmalatı Satışı (1/50)
2025-10-28 17:18:38,210 - api_manager - WARNING - Firma detayı alınamadı: 'list' object has no attribute 'add'
2025-10-28 17:18:38,211 - AutomationEngine - INFO - FEEDBACK: 🔍 İşleniyor: Elitra Mobilya - fabrika (1/50)
2025-10-28 17:18:38,653 - api_manager - WARNING - Firma detayı alınamadı: 'list' object has no attribute 'add'
2025-10-28 17:18:38,654 - AutomationEngine - INFO - FEEDBACK: 🔍 İşleniyor: Alperen Mobilya | Kayseri Mobilya İmalat Firması | Kayseri Toptan Mobilya ve Koltuk Takımı (1/50)
2025-10-28 17:18:39,127 - api_manager - WARNING - Firma detayı alınamadı: 'list' object has no attribute 'add'
2025-10-28 17:18:39,127 - AutomationEngine - INFO - FEEDBACK: 🔍 İşleniyor: Ezgi Modüler Mobilya (1/50)
2025-10-28 17:18:39,573 - api_manager - WARNING - Firma detayı alınamadı: 'list' object has no attribute 'add'
2025-10-28 17:18:39,574 - AutomationEngine - INFO - FEEDBACK: 🔍 İşleniyor: Daisy Mobilya (1/50)
2025-10-28 17:18:40,006 - api_manager - WARNING - Firma detayı alınamadı: 'list' object has no attribute 'add'
2025-10-28 17:18:40,006 - AutomationEngine - INFO - FEEDBACK: 🔍 İşleniyor: Zeence Kayseri Mağaza (1/50)
2025-10-28 17:18:40,596 - api_manager - WARNING - Firma detayı alınamadı: 'list' object has no attribute 'add'
2025-10-28 17:18:40,597 - AutomationEngine - INFO - FEEDBACK: 🔍 İşleniyor: h-concept Mobilya Kayseri (1/50)
2025-10-28 17:18:41,060 - api_manager - WARNING - Firma detayı alınamadı: 'list' object has no attribute 'add'
2025-10-28 17:18:41,060 - AutomationEngine - INFO - FEEDBACK: 🔍 İşleniyor: Aksu Mobilya (1/50)
2025-10-28 17:18:41,566 - api_manager - WARNING - Firma detayı alınamadı: 'list' object has no attribute 'add'
2025-10-28 17:18:41,567 - AutomationEngine - INFO - FEEDBACK: ⏳ Sonraki sayfa için bekleniyor...
2025-10-28 17:18:43,568 - AutomationEngine - INFO - FEEDBACK: 🔍 Arama yapılıyor... (20/50)
2025-10-28 17:18:44,466 - AutomationEngine - INFO - FEEDBACK: 🔍 İşleniyor: GAMBU CONCEPT MASA-SANDALYE-DRESUAR-BAHÇE MOBİLYASI (1/50)
2025-10-28 17:18:45,101 - api_manager - WARNING - Firma detayı alınamadı: 'list' object has no attribute 'add'
2025-10-28 17:18:45,102 - AutomationEngine - INFO - FEEDBACK: 🔍 İşleniyor: Gülen Mobilya Kayseri (1/50)
2025-10-28 17:18:45,697 - api_manager - WARNING - Firma detayı alınamadı: 'list' object has no attribute 'add'
2025-10-28 17:18:45,698 - AutomationEngine - INFO - FEEDBACK: 🔍 İşleniyor: Enkare Home (1/50)
2025-10-28 17:18:46,285 - api_manager - WARNING - Firma detayı alınamadı: 'list' object has no attribute 'add'
2025-10-28 17:18:46,286 - AutomationEngine - INFO - FEEDBACK: 🔍 İşleniyor: Ellda Mobilya (1/50)
2025-10-28 17:18:46,750 - api_manager - WARNING - Firma detayı alınamadı: 'list' object has no attribute 'add'
2025-10-28 17:18:46,750 - AutomationEngine - INFO - FEEDBACK: 🔍 İşleniyor: Kayseri Mutfak Dolabı, Kayseri Vestiyer, Kayseri Banyo Dolabı - Seon Mobilya (1/50)
2025-10-28 17:18:47,348 - api_manager - WARNING - Firma detayı alınamadı: 'list' object has no attribute 'add'
2025-10-28 17:18:47,348 - AutomationEngine - INFO - FEEDBACK: 🔍 İşleniyor: Fierro Mobilya, Kayseri Mobilya, Kayseri Mobilya Mağazası (1/50)
2025-10-28 17:18:47,768 - api_manager - WARNING - Firma detayı alınamadı: 'list' object has no attribute 'add'
2025-10-28 17:18:47,768 - AutomationEngine - INFO - FEEDBACK: 🔍 İşleniyor: Solayhome (1/50)
2025-10-28 17:18:48,386 - api_manager - WARNING - Firma detayı alınamadı: 'list' object has no attribute 'add'
2025-10-28 17:18:48,386 - AutomationEngine - INFO - FEEDBACK: 🔍 İşleniyor: Dizza Home Eski Sanayi Mağaza (1/50)
2025-10-28 17:18:48,995 - api_manager - WARNING - Firma detayı alınamadı: 'list' object has no attribute 'add'
2025-10-28 17:18:48,996 - AutomationEngine - INFO - FEEDBACK: 🔍 İşleniyor: Kalem Concept Mobilya (1/50)
2025-10-28 17:18:49,428 - api_manager - WARNING - Firma detayı alınamadı: 'list' object has no attribute 'add'
2025-10-28 17:18:49,428 - AutomationEngine - INFO - FEEDBACK: 🔍 İşleniyor: Kayseri Ünal Koltuk kanepe imalatı (1/50)
2025-10-28 17:18:49,844 - api_manager - WARNING - Firma detayı alınamadı: 'list' object has no attribute 'add'
2025-10-28 17:18:49,845 - AutomationEngine - INFO - FEEDBACK: 🔍 İşleniyor: Koltuk Takımı (1/50)
2025-10-28 17:18:50,281 - api_manager - WARNING - Firma detayı alınamadı: 'list' object has no attribute 'add'
2025-10-28 17:18:50,281 - AutomationEngine - INFO - FEEDBACK: 🔍 İşleniyor: LORA MOBİLYA (1/50)
2025-10-28 17:18:51,059 - api_manager - WARNING - Firma detayı alınamadı: 'list' object has no attribute 'add'
2025-10-28 17:18:51,060 - AutomationEngine - INFO - FEEDBACK: 🔍 İşleniyor: Kayseri Mutfak Dolabı, Vestiyer, Ray Dolap, Banyo Dolabı, laminant parke, iç oda kapısı Güner Mobilya (1/50)
2025-10-28 17:18:51,681 - api_manager - WARNING - Firma detayı alınamadı: 'list' object has no attribute 'add'
2025-10-28 17:18:51,681 - AutomationEngine - INFO - FEEDBACK: 🔍 İşleniyor: RUBY MOBİLYA (1/50)
2025-10-28 17:18:52,218 - api_manager - WARNING - Firma detayı alınamadı: 'list' object has no attribute 'add'
2025-10-28 17:18:52,218 - AutomationEngine - INFO - FEEDBACK: 🔍 İşleniyor: Kayseri Mobilyacılar Sitesi (1/50)
2025-10-28 17:18:52,842 - api_manager - WARNING - Firma detayı alınamadı: 'list' object has no attribute 'add'
2025-10-28 17:18:52,842 - AutomationEngine - INFO - FEEDBACK: 🔍 İşleniyor: Lajivert Genç Odası | Kayseri Eski Sanayi (1/50)
2025-10-28 17:18:53,514 - api_manager - WARNING - Firma detayı alınamadı: 'list' object has no attribute 'add'
2025-10-28 17:18:53,515 - AutomationEngine - INFO - FEEDBACK: 🔍 İşleniyor: Nil Mobilya San. Ve Tic. A.Ş. (1/50)
2025-10-28 17:18:54,121 - api_manager - WARNING - Firma detayı alınamadı: 'list' object has no attribute 'add'
2025-10-28 17:18:54,121 - AutomationEngine - INFO - FEEDBACK: 🔍 İşleniyor: Lükssan Mobilya (1/50)
2025-10-28 17:18:54,583 - api_manager - WARNING - Firma detayı alınamadı: 'list' object has no attribute 'add'
2025-10-28 17:18:54,583 - AutomationEngine - INFO - FEEDBACK: 🔍 İşleniyor: Elif Mobilya (1/50)
2025-10-28 17:18:55,046 - api_manager - WARNING - Firma detayı alınamadı: 'list' object has no attribute 'add'
2025-10-28 17:18:55,047 - AutomationEngine - INFO - FEEDBACK: 🔍 İşleniyor: Serteks Mobilya (1/50)
2025-10-28 17:18:55,496 - api_manager - WARNING - Firma detayı alınamadı: 'list' object has no attribute 'add'
2025-10-28 17:18:55,497 - AutomationEngine - INFO - FEEDBACK: ⏳ Sonraki sayfa için bekleniyor...
2025-10-28 17:18:57,499 - AutomationEngine - INFO - FEEDBACK: 🔍 Arama yapılıyor... (40/50)
2025-10-28 17:18:58,759 - AutomationEngine - INFO - FEEDBACK: 🔍 İşleniyor: Vivense Kayseri Melikgazi Showroom (1/50)
2025-10-28 17:18:59,198 - api_manager - WARNING - Firma detayı alınamadı: 'list' object has no attribute 'add'
2025-10-28 17:18:59,200 - AutomationEngine - INFO - FEEDBACK: 🔍 İşleniyor: LUZZO HOME (1/50)
2025-10-28 17:18:59,711 - api_manager - WARNING - Firma detayı alınamadı: 'list' object has no attribute 'add'
2025-10-28 17:18:59,713 - AutomationEngine - INFO - FEEDBACK: 🔍 İşleniyor: Diamond Mobilya Kayseri (1/50)
2025-10-28 17:19:00,346 - api_manager - WARNING - Firma detayı alınamadı: 'list' object has no attribute 'add'
2025-10-28 17:19:00,347 - AutomationEngine - INFO - FEEDBACK: 🔍 İşleniyor: Venüs Mobilya (1/50)
2025-10-28 17:19:00,951 - api_manager - WARNING - Firma detayı alınamadı: 'list' object has no attribute 'add'
2025-10-28 17:19:00,951 - AutomationEngine - INFO - FEEDBACK: 🔍 İşleniyor: İMRALLAR MOBİLYA (1/50)
2025-10-28 17:19:01,569 - api_manager - WARNING - Firma detayı alınamadı: 'list' object has no attribute 'add'
2025-10-28 17:19:01,570 - AutomationEngine - INFO - FEEDBACK: 🔍 İşleniyor: Gülsoy Home Center (1/50)
2025-10-28 17:19:02,116 - api_manager - WARNING - Firma detayı alınamadı: 'list' object has no attribute 'add'
2025-10-28 17:19:02,117 - AutomationEngine - INFO - FEEDBACK: 🔍 İşleniyor: Gökdemir Mobilya KAYSERİ (1/50)
2025-10-28 17:19:02,588 - api_manager - WARNING - Firma detayı alınamadı: 'list' object has no attribute 'add'
2025-10-28 17:19:02,589 - AutomationEngine - INFO - FEEDBACK: 🔍 İşleniyor: KRAL DÖŞEME - Kayseri Koltuk Takımı Kanepe Mobilya İmalatı ve Tamiri (1/50)
2025-10-28 17:19:03,110 - api_manager - WARNING - Firma detayı alınamadı: 'list' object has no attribute 'add'
2025-10-28 17:19:03,112 - AutomationEngine - INFO - FEEDBACK: 🔍 İşleniyor: Özen Parke ve Mobilya (1/50)
2025-10-28 17:19:03,805 - api_manager - WARNING - Firma detayı alınamadı: 'list' object has no attribute 'add'
2025-10-28 17:19:03,806 - AutomationEngine - INFO - FEEDBACK: 🔍 İşleniyor: KAYSERİ YILWER OFİS MOBİLYALARI (1/50)
2025-10-28 17:19:04,444 - api_manager - WARNING - Firma detayı alınamadı: 'list' object has no attribute 'add'
2025-10-28 17:19:04,444 - AutomationEngine - INFO - FEEDBACK: 🔍 İşleniyor: Ritmik Genç Odası | Kayseri Eski Sanayi (1/50)
2025-10-28 17:19:05,056 - api_manager - WARNING - Firma detayı alınamadı: 'list' object has no attribute 'add'
2025-10-28 17:19:05,056 - AutomationEngine - INFO - FEEDBACK: 🔍 İşleniyor: HaZaL MoBiLyA (1/50)
2025-10-28 17:19:05,709 - api_manager - WARNING - Firma detayı alınamadı: 'list' object has no attribute 'add'
2025-10-28 17:19:05,709 - AutomationEngine - INFO - FEEDBACK: 🔍 İşleniyor: Özge Genç Odası (1/50)
2025-10-28 17:19:06,160 - api_manager - WARNING - Firma detayı alınamadı: 'list' object has no attribute 'add'
2025-10-28 17:19:06,160 - AutomationEngine - INFO - FEEDBACK: 🔍 İşleniyor: Aygül Metal Kayseri Bahçe Mobilyaları (1/50)
2025-10-28 17:19:06,768 - api_manager - WARNING - Firma detayı alınamadı: 'list' object has no attribute 'add'
2025-10-28 17:19:06,769 - AutomationEngine - INFO - FEEDBACK: 🔍 İşleniyor: SANDİNO - MAĞAZA / FABRİKA SATIŞ MAĞAZASI OFİS MOBİLYALARI (1/50)
2025-10-28 17:19:07,385 - api_manager - WARNING - Firma detayı alınamadı: 'list' object has no attribute 'add'
2025-10-28 17:19:07,386 - AutomationEngine - INFO - FEEDBACK: 🔍 İşleniyor: Yaylasan Çelik Eşya (1/50)
2025-10-28 17:19:07,991 - api_manager - WARNING - Firma detayı alınamadı: 'list' object has no attribute 'add'
2025-10-28 17:19:07,992 - AutomationEngine - INFO - FEEDBACK: 🔍 İşleniyor: Devka Mobilya (1/50)
2025-10-28 17:19:08,629 - api_manager - WARNING - Firma detayı alınamadı: 'list' object has no attribute 'add'
2025-10-28 17:19:08,630 - AutomationEngine - INFO - FEEDBACK: 🔍 İşleniyor: Doğtaş Kayseri Forum AVM (1/50)
2025-10-28 17:19:09,078 - api_manager - WARNING - Firma detayı alınamadı: 'list' object has no attribute 'add'
2025-10-28 17:19:09,079 - AutomationEngine - INFO - FEEDBACK: 🔍 İşleniyor: Balcıoğlu Mobilya Dekorasyon (1/50)
2025-10-28 17:19:09,520 - api_manager - WARNING - Firma detayı alınamadı: 'list' object has no attribute 'add'
2025-10-28 17:19:09,521 - AutomationEngine - INFO - FEEDBACK: 🔍 İşleniyor: İstikbal Mizan Mobilya (1/50)
2025-10-28 17:19:10,181 - api_manager - WARNING - Firma detayı alınamadı: 'list' object has no attribute 'add'
2025-10-28 17:19:10,182 - AutomationEngine - INFO - FEEDBACK: ✅ Toplam 60 yeni firma bulundu!
2025-10-28 17:19:10,184 - api_manager - INFO - Google Maps search completed: 60 new firms, 0 duplicates skipped
2025-10-28 17:19:10,186 - AutomationEngine - INFO - Arama tamamlandı. 50 yeni firma bulundu.
2025-10-28 17:19:10,187 - AutomationEngine - INFO - 50 firma veritabanına kaydediliyor...
2025-10-28 17:19:10,204 - AutomationEngine - INFO - FEEDBACK: 💾 Veritabanına kaydedildi: Vivense Kayseri Melikgazi Showroom (1/50)
2025-10-28 17:19:10,209 - AutomationEngine - INFO - FEEDBACK: 💾 Veritabanına kaydedildi: Titanic Möble - İnegöl Mobilyası - Kayseri Mobilya (2/50)
2025-10-28 17:19:10,212 - AutomationEngine - INFO - FEEDBACK: 💾 Veritabanına kaydedildi: GAMBU CONCEPT MASA-SANDALYE-DRESUAR-BAHÇE MOBİLYASI (3/50)
2025-10-28 17:19:10,214 - AutomationEngine - INFO - FEEDBACK: 💾 Veritabanına kaydedildi: H.A ConCept inegöl Mobilyası (4/50)
2025-10-28 17:19:10,215 - AutomationEngine - INFO - FEEDBACK: 💾 Veritabanına kaydedildi: Enkare Home (5/50)
2025-10-28 17:19:10,217 - AutomationEngine - INFO - FEEDBACK: 💾 Veritabanına kaydedildi: KRAL DÖŞEME - Kayseri Koltuk Takımı Kanepe Mobilya İmalatı ve Tamiri (6/50)
2025-10-28 17:19:10,222 - AutomationEngine - INFO - FEEDBACK: 💾 Veritabanına kaydedildi: Vinda Mobilya | Kayseri Mobilya Mağazası (7/50)
2025-10-28 17:19:10,224 - AutomationEngine - INFO - FEEDBACK: 💾 Veritabanına kaydedildi: Mf Pierre Loti Home Collection (8/50)
2025-10-28 17:19:10,227 - AutomationEngine - INFO - FEEDBACK: 💾 Veritabanına kaydedildi: İnegöl Mobilya Kayseri, Teleteknik Home (9/50)
2025-10-28 17:19:10,228 - AutomationEngine - INFO - FEEDBACK: 💾 Veritabanına kaydedildi: Solayhome (10/50)
2025-10-28 17:19:10,231 - AutomationEngine - INFO - FEEDBACK: 💾 Veritabanına kaydedildi: Ellda Mobilya (11/50)
2025-10-28 17:19:10,233 - AutomationEngine - INFO - FEEDBACK: 💾 Veritabanına kaydedildi: Ela Mobilya & Dekorasyon Mobilya İnovasyon İnşaat Oto Alım-Satım İthalat İhracat Sanayi ve Ticaret Ltd. Şti. (12/50)
2025-10-28 17:19:10,234 - AutomationEngine - INFO - FEEDBACK: 💾 Veritabanına kaydedildi: Zamantı Home Concept , İnegöl Mobilya (13/50)
2025-10-28 17:19:10,238 - AutomationEngine - INFO - FEEDBACK: 💾 Veritabanına kaydedildi: Lava Concept - Kayseri İnegöl Mobilya (14/50)
2025-10-28 17:19:10,241 - AutomationEngine - INFO - FEEDBACK: 💾 Veritabanına kaydedildi: Ritmik Genç Odası | Kayseri Eski Sanayi (15/50)
2025-10-28 17:19:10,243 - AutomationEngine - INFO - FEEDBACK: 💾 Veritabanına kaydedildi: Elif Mobilya (16/50)
2025-10-28 17:19:10,244 - AutomationEngine - INFO - FEEDBACK: 💾 Veritabanına kaydedildi: İstikbal Mizan Mobilya (17/50)
2025-10-28 17:19:10,248 - AutomationEngine - INFO - FEEDBACK: 💾 Veritabanına kaydedildi: Lükssan Mobilya (18/50)
2025-10-28 17:19:10,250 - AutomationEngine - INFO - FEEDBACK: 💾 Veritabanına kaydedildi: Elif Mobilya Fabrika Satış Mağazası (19/50)
2025-10-28 17:19:10,250 - AutomationEngine - INFO - FEEDBACK: 💾 Veritabanına kaydedildi: Nil Mobilya San. Ve Tic. A.Ş. (20/50)
2025-10-28 17:19:10,252 - AutomationEngine - INFO - FEEDBACK: 💾 Veritabanına kaydedildi: LUZZO HOME (21/50)
2025-10-28 17:19:10,256 - AutomationEngine - INFO - FEEDBACK: 💾 Veritabanına kaydedildi: Nessihome Mobilya Kayseri (22/50)
2025-10-28 17:19:10,257 - AutomationEngine - INFO - FEEDBACK: 💾 Veritabanına kaydedildi: LADİN MOBİLYA /KAYSERİ (23/50)
2025-10-28 17:19:10,261 - AutomationEngine - INFO - FEEDBACK: 💾 Veritabanına kaydedildi: Özge Genç Odası (24/50)
2025-10-28 17:19:10,263 - AutomationEngine - INFO - FEEDBACK: 💾 Veritabanına kaydedildi: LORA MOBİLYA (25/50)
2025-10-28 17:19:10,266 - AutomationEngine - INFO - FEEDBACK: 💾 Veritabanına kaydedildi: Kayseri Mutfak Dolabı, Kayseri Vestiyer, Kayseri Banyo Dolabı - Seon Mobilya (26/50)
2025-10-28 17:19:10,268 - AutomationEngine - INFO - FEEDBACK: 💾 Veritabanına kaydedildi: Baykan Mobilya (27/50)
2025-10-28 17:19:10,270 - AutomationEngine - INFO - FEEDBACK: 💾 Veritabanına kaydedildi: h-concept Mobilya Kayseri (28/50)
2025-10-28 17:19:10,273 - AutomationEngine - INFO - FEEDBACK: 💾 Veritabanına kaydedildi: Dizza Home Eski Sanayi Mağaza (29/50)
2025-10-28 17:19:10,276 - AutomationEngine - INFO - FEEDBACK: 💾 Veritabanına kaydedildi: Doğtaş Kayseri Forum AVM (30/50)
2025-10-28 17:19:10,277 - AutomationEngine - INFO - FEEDBACK: 💾 Veritabanına kaydedildi: Alperen Mobilya | Kayseri Mobilya İmalat Firması | Kayseri Toptan Mobilya ve Koltuk Takımı (31/50)
2025-10-28 17:19:10,281 - AutomationEngine - INFO - FEEDBACK: 💾 Veritabanına kaydedildi: Gülsoy Home Center (32/50)
2025-10-28 17:19:10,282 - AutomationEngine - INFO - FEEDBACK: 💾 Veritabanına kaydedildi: İMRALLAR MOBİLYA (33/50)
2025-10-28 17:19:10,285 - AutomationEngine - INFO - FEEDBACK: 💾 Veritabanına kaydedildi: Koltuk Takımı (34/50)
2025-10-28 17:19:10,287 - AutomationEngine - INFO - FEEDBACK: 💾 Veritabanına kaydedildi: Aygül Metal Kayseri Bahçe Mobilyaları (35/50)
2025-10-28 17:19:10,289 - AutomationEngine - INFO - FEEDBACK: 💾 Veritabanına kaydedildi: Serteks Mobilya (36/50)
2025-10-28 17:19:10,292 - AutomationEngine - INFO - FEEDBACK: 💾 Veritabanına kaydedildi: Lajivert Genç Odası | Kayseri Eski Sanayi (37/50)
2025-10-28 17:19:10,294 - AutomationEngine - INFO - FEEDBACK: 💾 Veritabanına kaydedildi: Gökdemir Mobilya KAYSERİ (38/50)
2025-10-28 17:19:10,298 - AutomationEngine - INFO - FEEDBACK: 💾 Veritabanına kaydedildi: HaZaL MoBiLyA (39/50)
2025-10-28 17:19:10,299 - AutomationEngine - INFO - FEEDBACK: 💾 Veritabanına kaydedildi: Yaylasan Çelik Eşya (40/50)
2025-10-28 17:19:10,301 - AutomationEngine - INFO - FEEDBACK: 💾 Veritabanına kaydedildi: KAYSERİ YILWER OFİS MOBİLYALARI (41/50)
2025-10-28 17:19:10,305 - AutomationEngine - INFO - FEEDBACK: 💾 Veritabanına kaydedildi: Kayseri Mutfak Dolabı, Vestiyer, Ray Dolap, Banyo Dolabı, laminant parke, iç oda kapısı Güner Mobilya (42/50)
2025-10-28 17:19:10,306 - AutomationEngine - INFO - FEEDBACK: 💾 Veritabanına kaydedildi: Evonza Home Koltuk Takımı ve Mobilya İmalatı Satışı (43/50)
2025-10-28 17:19:10,309 - AutomationEngine - INFO - FEEDBACK: 💾 Veritabanına kaydedildi: SANDİNO - MAĞAZA / FABRİKA SATIŞ MAĞAZASI OFİS MOBİLYALARI (44/50)
2025-10-28 17:19:10,311 - AutomationEngine - INFO - FEEDBACK: 💾 Veritabanına kaydedildi: Kalem Concept Mobilya (45/50)
2025-10-28 17:19:10,313 - AutomationEngine - INFO - FEEDBACK: 💾 Veritabanına kaydedildi: Gülen Mobilya Kayseri (46/50)
2025-10-28 17:19:10,315 - AutomationEngine - INFO - FEEDBACK: 💾 Veritabanına kaydedildi: RUBY MOBİLYA (47/50)
2025-10-28 17:19:10,318 - AutomationEngine - INFO - FEEDBACK: 💾 Veritabanına kaydedildi: Zeence Kayseri Mağaza (48/50)
2025-10-28 17:19:10,320 - AutomationEngine - INFO - FEEDBACK: 💾 Veritabanına kaydedildi: Elitra Mobilya - fabrika (49/50)
2025-10-28 17:19:10,323 - AutomationEngine - INFO - FEEDBACK: 💾 Veritabanına kaydedildi: Diamond Mobilya Kayseri (50/50)
2025-10-28 17:19:10,324 - AutomationEngine - INFO - 50 firma başarıyla kaydedildi.
2025-10-28 17:19:10,324 - AutomationEngine - INFO - Arama adımı tamamlandı. 50 firma bulundu.
2025-10-28 17:19:10,326 - AutomationEngine - INFO - İş akışı durumu kaydedildi: workflow_state.json
2025-10-28 17:19:10,327 - AutomationEngine - INFO - FEEDBACK: 🔄 Adım yürütülüyor: analyze...
2025-10-28 17:19:10,328 - AutomationEngine - INFO - 50 firma analiz edilecek.
2025-10-28 17:19:10,328 - AutomationEngine - INFO - Web sitesi analizi başlatılıyor: Vivense Kayseri Melikgazi Showroom - https://www.vivense.com/mobilya-showroom/kayseri.html
2025-10-28 17:19:10,329 - AutomationEngine - INFO - FEEDBACK: 🔎 Analiz ediliyor: Vivense Kayseri Melikgazi Showroom
2025-10-28 17:19:12,989 - undetected_chromedriver.patcher - INFO - patching driver executable C:\Users\ibrahim çete\appdata\roaming\undetected_chromedriver\undetected_chromedriver.exe
2025-10-28 17:19:19,409 - AutomationEngine - INFO - GUI kapatılıyor, motor durdurulacak.
2025-10-28 17:19:20,426 - AutomationEngine - INFO - FEEDBACK: 🛑 Motor durduruluyor...
2025-10-28 17:19:20,430 - AutomationEngine - INFO - İş akışı (workflow_1761661109) durduruluyor.
2025-10-28 17:19:20,433 - AutomationEngine - INFO - Aktif iş akışı yok, durum dosyası temizlendi.
2025-10-28 17:19:20,433 - AutomationEngine - INFO - İş akışı (workflow_1761661109) durduruldu ve temizlendi.
2025-10-28 17:19:20,433 - AutomationEngine - INFO - FEEDBACK: 👋 Motor durduruldu.
2025-10-28 17:19:20,434 - AutomationEngine - INFO - Otomasyon Motoru durduruldu.
2025-10-28 17:19:20,944 - AutomationEngine - INFO - GUI kapatma işlemi onaylandı.
2025-10-28 17:19:21,002 - uc - INFO - ensuring close
2025-10-28 17:23:41,413 - AutomationEngine - INFO - sys.path güncellendi: C:\Users\ibrahim çete\Desktop\mini b2b 2
2025-10-28 17:23:58,769 - AutomationEngine - INFO - Gerekli sınıflar main.py'den başarıyla import edildi.
2025-10-28 17:23:58,898 - AutomationEngine - INFO - MonitoringErrorHandler başlatıldı.
2025-10-28 17:23:58,900 - database - INFO - Veritabanı bağlantısı başarılı (deneme 1)
2025-10-28 17:23:58,901 - database - INFO - Tablolar başarıyla oluşturuldu
2025-10-28 17:23:58,901 - database - INFO - Veritabanı migrasyonu tamamlandı
2025-10-28 17:23:58,902 - database - INFO - İndeksler başarıyla oluşturuldu
2025-10-28 17:23:58,903 - database - INFO - Database başlatıldı
2025-10-28 17:23:58,903 - AutomationEngine - INFO - TaskExecutor başarıyla başlatıldı ve manager'lar yüklendi.
2025-10-28 17:23:58,903 - AutomationEngine - INFO - Kaydedilmiş iş akışı durumu bulunamadı.
2025-10-28 17:23:58,903 - AutomationEngine - INFO - WorkflowOrchestrator başlatıldı.
2025-10-28 17:23:58,903 - AutomationEngine - INFO - NLPCommandParser başlatıldı.
2025-10-28 17:23:58,903 - AutomationEngine - INFO - AILearningOptimizer başlatıldı.
2025-10-28 17:23:58,904 - AutomationEngine - INFO - FEEDBACK: ✅ Otomasyon Motoru başarıyla başlatıldı.
2025-10-28 17:23:58,904 - AutomationEngine - INFO - FEEDBACK: ✅ Yarım kalmış iş akışı bulunamadı.
2025-10-28 17:24:29,214 - AutomationEngine - INFO - GUI kapatılıyor, motor durdurulacak.
2025-10-28 17:24:30,299 - AutomationEngine - INFO - FEEDBACK: 🛑 Motor durduruluyor...
2025-10-28 17:24:30,299 - AutomationEngine - INFO - FEEDBACK: 👋 Motor durduruldu.
2025-10-28 17:24:30,300 - AutomationEngine - INFO - Otomasyon Motoru durduruldu.
2025-10-28 17:24:30,806 - AutomationEngine - INFO - GUI kapatma işlemi onaylandı.
2025-10-28 17:31:51,354 - AutomationEngine - INFO - sys.path güncellendi: C:\Users\ibrahim çete\Desktop\mini b2b 2
2025-10-28 17:32:06,541 - AutomationEngine - INFO - Gerekli sınıflar main.py'den başarıyla import edildi.
2025-10-28 17:32:06,861 - AutomationEngine - INFO - MonitoringErrorHandler başlatıldı.
2025-10-28 17:32:06,882 - database - INFO - Veritabanı bağlantısı başarılı (deneme 1)
2025-10-28 17:32:06,882 - database - INFO - Tablolar başarıyla oluşturuldu
2025-10-28 17:32:06,882 - database - INFO - Veritabanı migrasyonu tamamlandı
2025-10-28 17:32:06,884 - database - INFO - İndeksler başarıyla oluşturuldu
2025-10-28 17:32:06,884 - database - INFO - Database başlatıldı
2025-10-28 17:32:06,884 - AutomationEngine - INFO - TaskExecutor başarıyla başlatıldı ve manager'lar yüklendi.
2025-10-28 17:32:06,884 - AutomationEngine - INFO - Kaydedilmiş iş akışı durumu bulunamadı.
2025-10-28 17:32:06,884 - AutomationEngine - INFO - WorkflowOrchestrator başlatıldı.
2025-10-28 17:32:06,885 - AutomationEngine - INFO - NLPCommandParser başlatıldı.
2025-10-28 17:32:06,885 - AutomationEngine - INFO - AILearningOptimizer başlatıldı.
2025-10-28 17:32:06,886 - AutomationEngine - INFO - FEEDBACK: ✅ Otomasyon Motoru başarıyla başlatıldı.
2025-10-28 17:32:06,886 - AutomationEngine - INFO - FEEDBACK: ✅ Yarım kalmış iş akışı bulunamadı.
2025-10-28 17:32:30,655 - AutomationEngine - INFO - FEEDBACK: 💬 Komut alındı: 'Kayseri'deki mobilya firmalarını bul, analiz et ve 'Yaz Tanıtımı' kampanyasını gönder'
2025-10-28 17:32:30,656 - AutomationEngine - INFO - FEEDBACK: 🧠 Komut anlaşılıyor (NLP)...
2025-10-28 17:32:30,657 - AutomationEngine - INFO - NLP komutu ayrıştırılıyor: 'Kayseri'deki mobilya firmalarını bul, analiz et ve 'Yaz Tanıtımı' kampanyasını gönder'
2025-10-28 17:32:30,657 - AutomationEngine - INFO - Komut başarıyla ayrıştırıldı: {'intent': 'firma_ara_ve_kampanya', 'query': 'mobilya firması', 'location': 'Kayseri', 'max_results': 50, 'campaign_name': 'Yaz İndirimi'}
2025-10-28 17:32:30,657 - AutomationEngine - INFO - FEEDBACK: 👍 Komut anlaşıldı: {'intent': 'firma_ara_ve_kampanya', 'query': 'mobilya firması', 'location': 'Kayseri', 'max_results': 50, 'campaign_name': 'Yaz İndirimi'}
2025-10-28 17:32:30,658 - AutomationEngine - INFO - Yeni iş akışı başlatılıyor: workflow_1761661950
2025-10-28 17:32:30,658 - AutomationEngine - INFO - İş akışı durumu kaydedildi: workflow_state.json
2025-10-28 17:32:30,659 - AutomationEngine - INFO - FEEDBACK: 🚀 Yeni iş akışı 'workflow_1761661950' başlatıldı. İş akışı başlatıldı.
2025-10-28 17:32:30,660 - AutomationEngine - INFO - FEEDBACK: 🔄 Adım yürütülüyor: search...
2025-10-28 17:32:30,660 - AutomationEngine - INFO - Google Maps araması başlatılıyor: Sorgu='mobilya firması', Konum='Kayseri', Max=50
2025-10-28 17:32:30,661 - AutomationEngine - INFO - 198 mevcut place_id bulundu.
2025-10-28 17:32:30,662 - AutomationEngine - INFO - FEEDBACK: 🔍 Arama yapılıyor... (0/50)
2025-10-28 17:32:31,599 - AutomationEngine - INFO - FEEDBACK: ⭕️ Vinda Mobilya | Kayseri Mobilya Mağazası zaten mevcut (place_id: ChIJVwrtLaoPKxUR0PWq1HOVt6c), atlanıyor...
2025-10-28 17:32:31,600 - api_manager - INFO - Duplicate company skipped: Vinda Mobilya | Kayseri Mobilya Mağazası (place_id: ChIJVwrtLaoPKxUR0PWq1HOVt6c)
2025-10-28 17:32:31,601 - AutomationEngine - INFO - FEEDBACK: ⭕️ İnegöl Mobilya Kayseri, Teleteknik Home zaten mevcut (place_id: ChIJa7GSkZcRKxURdZJCVvSFgsA), atlanıyor...
2025-10-28 17:32:31,601 - api_manager - INFO - Duplicate company skipped: İnegöl Mobilya Kayseri, Teleteknik Home (place_id: ChIJa7GSkZcRKxURdZJCVvSFgsA)
2025-10-28 17:32:31,601 - AutomationEngine - INFO - FEEDBACK: ⭕️ Titanic Möble - İnegöl Mobilyası - Kayseri Mobilya zaten mevcut (place_id: ChIJTfI7powFKxURqcFtZQ4W3aM), atlanıyor...
2025-10-28 17:32:31,601 - api_manager - INFO - Duplicate company skipped: Titanic Möble - İnegöl Mobilyası - Kayseri Mobilya (place_id: ChIJTfI7powFKxURqcFtZQ4W3aM)
2025-10-28 17:32:31,601 - AutomationEngine - INFO - FEEDBACK: ⭕️ LADİN MOBİLYA /KAYSERİ zaten mevcut (place_id: ChIJ0YCYjBkTKxURc7XqYwSYzQ8), atlanıyor...
2025-10-28 17:32:31,601 - api_manager - INFO - Duplicate company skipped: LADİN MOBİLYA /KAYSERİ (place_id: ChIJ0YCYjBkTKxURc7XqYwSYzQ8)
2025-10-28 17:32:31,601 - AutomationEngine - INFO - FEEDBACK: ⭕️ Lava Concept - Kayseri İnegöl Mobilya zaten mevcut (place_id: ChIJG3ekzk4TKxURpL_yNvBPuKE), atlanıyor...
2025-10-28 17:32:31,601 - api_manager - INFO - Duplicate company skipped: Lava Concept - Kayseri İnegöl Mobilya (place_id: ChIJG3ekzk4TKxURpL_yNvBPuKE)
2025-10-28 17:32:31,602 - AutomationEngine - INFO - FEEDBACK: ⭕️ Zamantı Home Concept , İnegöl Mobilya zaten mevcut (place_id: ChIJ_d0M-j0TKxURkWbxa29vSuw), atlanıyor...
2025-10-28 17:32:31,602 - api_manager - INFO - Duplicate company skipped: Zamantı Home Concept , İnegöl Mobilya (place_id: ChIJ_d0M-j0TKxURkWbxa29vSuw)
2025-10-28 17:32:31,602 - AutomationEngine - INFO - FEEDBACK: ⭕️ H.A ConCept inegöl Mobilyası zaten mevcut (place_id: ChIJgVv0BAQRKxURhiwosNg9zb4), atlanıyor...
2025-10-28 17:32:31,602 - api_manager - INFO - Duplicate company skipped: H.A ConCept inegöl Mobilyası (place_id: ChIJgVv0BAQRKxURhiwosNg9zb4)
2025-10-28 17:32:31,602 - AutomationEngine - INFO - FEEDBACK: ⭕️ Elif Mobilya Fabrika Satış Mağazası zaten mevcut (place_id: ChIJE19qX-YPKxURVOQDt_zNi_8), atlanıyor...
2025-10-28 17:32:31,602 - api_manager - INFO - Duplicate company skipped: Elif Mobilya Fabrika Satış Mağazası (place_id: ChIJE19qX-YPKxURVOQDt_zNi_8)
2025-10-28 17:32:31,602 - AutomationEngine - INFO - FEEDBACK: ⭕️ Mf Pierre Loti Home Collection zaten mevcut (place_id: ChIJp4Zoy_4RKxURlGy6RXJbvGU), atlanıyor...
2025-10-28 17:32:31,602 - api_manager - INFO - Duplicate company skipped: Mf Pierre Loti Home Collection (place_id: ChIJp4Zoy_4RKxURlGy6RXJbvGU)
2025-10-28 17:32:31,602 - AutomationEngine - INFO - FEEDBACK: ⭕️ Ela Mobilya & Dekorasyon Mobilya İnovasyon İnşaat Oto Alım-Satım İthalat İhracat Sanayi ve Ticaret Ltd. Şti. zaten mevcut (place_id: ChIJOx90mRUTKxUR_PlQCFdiWZA), atlanıyor...
2025-10-28 17:32:31,602 - api_manager - INFO - Duplicate company skipped: Ela Mobilya & Dekorasyon Mobilya İnovasyon İnşaat Oto Alım-Satım İthalat İhracat Sanayi ve Ticaret Ltd. Şti. (place_id: ChIJOx90mRUTKxUR_PlQCFdiWZA)
2025-10-28 17:32:31,603 - AutomationEngine - INFO - FEEDBACK: ⭕️ Baykan Mobilya zaten mevcut (place_id: ChIJKU6JWvkRKxURgcGmzmb7eOs), atlanıyor...
2025-10-28 17:32:31,603 - api_manager - INFO - Duplicate company skipped: Baykan Mobilya (place_id: ChIJKU6JWvkRKxURgcGmzmb7eOs)
2025-10-28 17:32:31,603 - AutomationEngine - INFO - FEEDBACK: ⭕️ Nessihome Mobilya Kayseri zaten mevcut (place_id: ChIJxdOvLfkRKxUR_1Vx6X-Jqx8), atlanıyor...
2025-10-28 17:32:31,603 - api_manager - INFO - Duplicate company skipped: Nessihome Mobilya Kayseri (place_id: ChIJxdOvLfkRKxUR_1Vx6X-Jqx8)
2025-10-28 17:32:31,603 - AutomationEngine - INFO - FEEDBACK: ⭕️ Evonza Home Koltuk Takımı ve Mobilya İmalatı Satışı zaten mevcut (place_id: ChIJ0Yevy0QTKxURlgdmGlC1p44), atlanıyor...
2025-10-28 17:32:31,603 - api_manager - INFO - Duplicate company skipped: Evonza Home Koltuk Takımı ve Mobilya İmalatı Satışı (place_id: ChIJ0Yevy0QTKxURlgdmGlC1p44)
2025-10-28 17:32:31,603 - AutomationEngine - INFO - FEEDBACK: ⭕️ Elitra Mobilya - fabrika zaten mevcut (place_id: ChIJHarsLPgRKxUR0ZUvZpGLrzc), atlanıyor...
2025-10-28 17:32:31,603 - api_manager - INFO - Duplicate company skipped: Elitra Mobilya - fabrika (place_id: ChIJHarsLPgRKxUR0ZUvZpGLrzc)
2025-10-28 17:32:31,603 - AutomationEngine - INFO - FEEDBACK: ⭕️ Alperen Mobilya | Kayseri Mobilya İmalat Firması | Kayseri Toptan Mobilya ve Koltuk Takımı zaten mevcut (place_id: ChIJ9WxG6gARKxURQUGCU4XLTV4), atlanıyor...
2025-10-28 17:32:31,603 - api_manager - INFO - Duplicate company skipped: Alperen Mobilya | Kayseri Mobilya İmalat Firması | Kayseri Toptan Mobilya ve Koltuk Takımı (place_id: ChIJ9WxG6gARKxURQUGCU4XLTV4)
2025-10-28 17:32:31,603 - AutomationEngine - INFO - FEEDBACK: 🔍 İşleniyor: Ezgi Modüler Mobilya (1/50)
2025-10-28 17:32:32,065 - api_manager - WARNING - Firma detayı alınamadı: 'list' object has no attribute 'add'
2025-10-28 17:32:32,065 - AutomationEngine - INFO - FEEDBACK: 🔍 İşleniyor: Daisy Mobilya (1/50)
2025-10-28 17:32:32,668 - api_manager - WARNING - Firma detayı alınamadı: 'list' object has no attribute 'add'
2025-10-28 17:32:32,669 - AutomationEngine - INFO - FEEDBACK: ⭕️ Zeence Kayseri Mağaza zaten mevcut (place_id: ChIJHaTpFZETKxURlFjaFD9JfI4), atlanıyor...
2025-10-28 17:32:32,669 - api_manager - INFO - Duplicate company skipped: Zeence Kayseri Mağaza (place_id: ChIJHaTpFZETKxURlFjaFD9JfI4)
2025-10-28 17:32:32,670 - AutomationEngine - INFO - FEEDBACK: ⭕️ h-concept Mobilya Kayseri zaten mevcut (place_id: ChIJ2XCJhh0SKxURTqez257Gzqo), atlanıyor...
2025-10-28 17:32:32,671 - api_manager - INFO - Duplicate company skipped: h-concept Mobilya Kayseri (place_id: ChIJ2XCJhh0SKxURTqez257Gzqo)
2025-10-28 17:32:32,671 - AutomationEngine - INFO - FEEDBACK: 🔍 İşleniyor: Aksu Mobilya (1/50)
2025-10-28 17:32:33,108 - api_manager - WARNING - Firma detayı alınamadı: 'list' object has no attribute 'add'
2025-10-28 17:32:33,108 - AutomationEngine - INFO - FEEDBACK: ⏳ Sonraki sayfa için bekleniyor...
2025-10-28 17:32:35,110 - AutomationEngine - INFO - FEEDBACK: 🔍 Arama yapılıyor... (3/50)
2025-10-28 17:32:36,323 - AutomationEngine - INFO - FEEDBACK: 🔍 İşleniyor: Fierro Mobilya, Kayseri Mobilya, Kayseri Mobilya Mağazası (1/50)
2025-10-28 17:32:36,907 - api_manager - WARNING - Firma detayı alınamadı: 'list' object has no attribute 'add'
2025-10-28 17:32:36,908 - AutomationEngine - INFO - FEEDBACK: ⭕️ Enkare Home zaten mevcut (place_id: ChIJUUe7ox8RKxUREKDkkA7IK0E), atlanıyor...
2025-10-28 17:32:36,910 - api_manager - INFO - Duplicate company skipped: Enkare Home (place_id: ChIJUUe7ox8RKxUREKDkkA7IK0E)
2025-10-28 17:32:36,910 - AutomationEngine - INFO - FEEDBACK: ⭕️ GAMBU CONCEPT MASA-SANDALYE-DRESUAR-BAHÇE MOBİLYASI zaten mevcut (place_id: ChIJQfGC8vsRKxURCpcV7vB9LPY), atlanıyor...
2025-10-28 17:32:36,911 - api_manager - INFO - Duplicate company skipped: GAMBU CONCEPT MASA-SANDALYE-DRESUAR-BAHÇE MOBİLYASI (place_id: ChIJQfGC8vsRKxURCpcV7vB9LPY)
2025-10-28 17:32:36,911 - AutomationEngine - INFO - FEEDBACK: ⭕️ Ellda Mobilya zaten mevcut (place_id: ChIJl_Bn85gRKxURorgOhbeIS58), atlanıyor...
2025-10-28 17:32:36,911 - api_manager - INFO - Duplicate company skipped: Ellda Mobilya (place_id: ChIJl_Bn85gRKxURorgOhbeIS58)
2025-10-28 17:32:36,911 - AutomationEngine - INFO - FEEDBACK: ⭕️ LUZZO HOME zaten mevcut (place_id: ChIJMTncXeMSKxURN1FlOZMbiY8), atlanıyor...
2025-10-28 17:32:36,912 - api_manager - INFO - Duplicate company skipped: LUZZO HOME (place_id: ChIJMTncXeMSKxURN1FlOZMbiY8)
2025-10-28 17:32:36,912 - AutomationEngine - INFO - FEEDBACK: ⭕️ Serteks Mobilya zaten mevcut (place_id: ChIJpcO3CvwRKxURrSOTd52gUhs), atlanıyor...
2025-10-28 17:32:36,912 - api_manager - INFO - Duplicate company skipped: Serteks Mobilya (place_id: ChIJpcO3CvwRKxURrSOTd52gUhs)
2025-10-28 17:32:36,912 - AutomationEngine - INFO - FEEDBACK: ⭕️ Kayseri Mutfak Dolabı, Kayseri Vestiyer, Kayseri Banyo Dolabı - Seon Mobilya zaten mevcut (place_id: ChIJM7gcAhwSKxUReCP9H2l2Co0), atlanıyor...
2025-10-28 17:32:36,913 - api_manager - INFO - Duplicate company skipped: Kayseri Mutfak Dolabı, Kayseri Vestiyer, Kayseri Banyo Dolabı - Seon Mobilya (place_id: ChIJM7gcAhwSKxUReCP9H2l2Co0)
2025-10-28 17:32:36,913 - AutomationEngine - INFO - FEEDBACK: ⭕️ Kalem Concept Mobilya zaten mevcut (place_id: ChIJoVLqPPARKxUREtQ1ZU9hlZA), atlanıyor...
2025-10-28 17:32:36,913 - api_manager - INFO - Duplicate company skipped: Kalem Concept Mobilya (place_id: ChIJoVLqPPARKxUREtQ1ZU9hlZA)
2025-10-28 17:32:36,913 - AutomationEngine - INFO - FEEDBACK: ⭕️ Lükssan Mobilya zaten mevcut (place_id: ChIJe48b6Q8FKxURf5umYq9bUX4), atlanıyor...
2025-10-28 17:32:36,913 - api_manager - INFO - Duplicate company skipped: Lükssan Mobilya (place_id: ChIJe48b6Q8FKxURf5umYq9bUX4)
2025-10-28 17:32:36,913 - AutomationEngine - INFO - FEEDBACK: ⭕️ Gülen Mobilya Kayseri zaten mevcut (place_id: ChIJmxmhaY0RKxURn6Ldt9EsCFQ), atlanıyor...
2025-10-28 17:32:36,914 - api_manager - INFO - Duplicate company skipped: Gülen Mobilya Kayseri (place_id: ChIJmxmhaY0RKxURn6Ldt9EsCFQ)
2025-10-28 17:32:36,916 - AutomationEngine - INFO - FEEDBACK: ⭕️ Vivense Kayseri Melikgazi Showroom zaten mevcut (place_id: ChIJBVdss_kSKxURb7ozIPWcKak), atlanıyor...
2025-10-28 17:32:36,917 - api_manager - INFO - Duplicate company skipped: Vivense Kayseri Melikgazi Showroom (place_id: ChIJBVdss_kSKxURb7ozIPWcKak)
2025-10-28 17:32:36,917 - AutomationEngine - INFO - FEEDBACK: ⭕️ LORA MOBİLYA zaten mevcut (place_id: ChIJHVIv1gkFKxURiHAut5wcT3A), atlanıyor...
2025-10-28 17:32:36,917 - api_manager - INFO - Duplicate company skipped: LORA MOBİLYA (place_id: ChIJHVIv1gkFKxURiHAut5wcT3A)
2025-10-28 17:32:36,917 - AutomationEngine - INFO - FEEDBACK: 🔍 İşleniyor: Kayseri Mobilyacılar Sitesi (1/50)
2025-10-28 17:32:37,533 - api_manager - WARNING - Firma detayı alınamadı: 'list' object has no attribute 'add'
2025-10-28 17:32:37,533 - AutomationEngine - INFO - FEEDBACK: ⭕️ Gülsoy Home Center zaten mevcut (place_id: ChIJS2hY1h0SKxURjTuqkxVP_i8), atlanıyor...
2025-10-28 17:32:37,534 - api_manager - INFO - Duplicate company skipped: Gülsoy Home Center (place_id: ChIJS2hY1h0SKxURjTuqkxVP_i8)
2025-10-28 17:32:37,534 - AutomationEngine - INFO - FEEDBACK: ⭕️ Elif Mobilya zaten mevcut (place_id: ChIJ79UdCnEFKxUR_mJ-XPSk8DE), atlanıyor...
2025-10-28 17:32:37,535 - api_manager - INFO - Duplicate company skipped: Elif Mobilya (place_id: ChIJ79UdCnEFKxUR_mJ-XPSk8DE)
2025-10-28 17:32:37,535 - AutomationEngine - INFO - FEEDBACK: ⭕️ Gökdemir Mobilya KAYSERİ zaten mevcut (place_id: ChIJ5-v9mYATKxUR6nCP9-rPHUI), atlanıyor...
2025-10-28 17:32:37,535 - api_manager - INFO - Duplicate company skipped: Gökdemir Mobilya KAYSERİ (place_id: ChIJ5-v9mYATKxUR6nCP9-rPHUI)
2025-10-28 17:32:37,536 - AutomationEngine - INFO - FEEDBACK: ⭕️ Nil Mobilya San. Ve Tic. A.Ş. zaten mevcut (place_id: ChIJlz9yG-IRKxURI8pzCMwH9DU), atlanıyor...
2025-10-28 17:32:37,536 - api_manager - INFO - Duplicate company skipped: Nil Mobilya San. Ve Tic. A.Ş. (place_id: ChIJlz9yG-IRKxURI8pzCMwH9DU)
2025-10-28 17:32:37,536 - AutomationEngine - INFO - FEEDBACK: 🔍 İşleniyor: Kelebek Mobilya Kayseri (1/50)
2025-10-28 17:32:38,120 - api_manager - WARNING - Firma detayı alınamadı: 'list' object has no attribute 'add'
2025-10-28 17:32:38,121 - AutomationEngine - INFO - FEEDBACK: ⭕️ Solayhome zaten mevcut (place_id: ChIJQ9zGy10RKxURyxoUPqBSnhU), atlanıyor...
2025-10-28 17:32:38,121 - api_manager - INFO - Duplicate company skipped: Solayhome (place_id: ChIJQ9zGy10RKxURyxoUPqBSnhU)
2025-10-28 17:32:38,122 - AutomationEngine - INFO - FEEDBACK: 🔍 İşleniyor: Kayseri Ünal Koltuk kanepe imalatı (1/50)
2025-10-28 17:32:38,602 - api_manager - WARNING - Firma detayı alınamadı: 'list' object has no attribute 'add'
2025-10-28 17:32:38,602 - AutomationEngine - INFO - FEEDBACK: ⏳ Sonraki sayfa için bekleniyor...
2025-10-28 17:32:39,340 - AutomationEngine - INFO - İş akışı (workflow_1761661950) durduruluyor.
2025-10-28 17:32:39,340 - AutomationEngine - INFO - Aktif iş akışı yok, durum dosyası temizlendi.
2025-10-28 17:32:39,340 - AutomationEngine - INFO - İş akışı (workflow_1761661950) durduruldu ve temizlendi.
2025-10-28 17:32:40,603 - AutomationEngine - INFO - FEEDBACK: 🔍 Arama yapılıyor... (7/50)
2025-10-28 17:32:41,710 - AutomationEngine - INFO - FEEDBACK: ⭕️ Dizza Home Eski Sanayi Mağaza zaten mevcut (place_id: ChIJmSwubNoRKxUR-O-sfGhMQSA), atlanıyor...
2025-10-28 17:32:41,711 - api_manager - INFO - Duplicate company skipped: Dizza Home Eski Sanayi Mağaza (place_id: ChIJmSwubNoRKxUR-O-sfGhMQSA)
2025-10-28 17:32:41,712 - AutomationEngine - INFO - FEEDBACK: ⭕️ Koltuk Takımı zaten mevcut (place_id: ChIJCTw9JDIRKxURoG-wIjRTJnk), atlanıyor...
2025-10-28 17:32:41,712 - api_manager - INFO - Duplicate company skipped: Koltuk Takımı (place_id: ChIJCTw9JDIRKxURoG-wIjRTJnk)
2025-10-28 17:32:41,712 - AutomationEngine - INFO - FEEDBACK: ⭕️ RUBY MOBİLYA zaten mevcut (place_id: ChIJE-RIjHUPKxURRxa7lMMpj5w), atlanıyor...
2025-10-28 17:32:41,712 - api_manager - INFO - Duplicate company skipped: RUBY MOBİLYA (place_id: ChIJE-RIjHUPKxURRxa7lMMpj5w)
2025-10-28 17:32:41,713 - AutomationEngine - INFO - FEEDBACK: ⭕️ Lajivert Genç Odası | Kayseri Eski Sanayi zaten mevcut (place_id: ChIJV571o_wRKxURC0aSm2vha-8), atlanıyor...
2025-10-28 17:32:41,713 - api_manager - INFO - Duplicate company skipped: Lajivert Genç Odası | Kayseri Eski Sanayi (place_id: ChIJV571o_wRKxURC0aSm2vha-8)
2025-10-28 17:32:41,713 - AutomationEngine - INFO - FEEDBACK: ⭕️ Diamond Mobilya Kayseri zaten mevcut (place_id: ChIJoyflXdkRKxURvimzdPCWOL0), atlanıyor...
2025-10-28 17:32:41,713 - api_manager - INFO - Duplicate company skipped: Diamond Mobilya Kayseri (place_id: ChIJoyflXdkRKxURvimzdPCWOL0)
2025-10-28 17:32:41,714 - AutomationEngine - INFO - FEEDBACK: ⭕️ İMRALLAR MOBİLYA zaten mevcut (place_id: ChIJjedJoK0TKxURL8LGGQtsUmM), atlanıyor...
2025-10-28 17:32:41,714 - api_manager - INFO - Duplicate company skipped: İMRALLAR MOBİLYA (place_id: ChIJjedJoK0TKxURL8LGGQtsUmM)
2025-10-28 17:32:41,714 - AutomationEngine - INFO - FEEDBACK: 🔍 İşleniyor: Elizan Mobilya (1/50)
2025-10-28 17:32:42,145 - api_manager - WARNING - Firma detayı alınamadı: 'list' object has no attribute 'add'
2025-10-28 17:32:42,145 - AutomationEngine - INFO - FEEDBACK: ⭕️ Kayseri Mutfak Dolabı, Vestiyer, Ray Dolap, Banyo Dolabı, laminant parke, iç oda kapısı Güner Mobilya zaten mevcut (place_id: ChIJmUh2TPgRKxURZ25QBikLW3A), atlanıyor...
2025-10-28 17:32:42,147 - api_manager - INFO - Duplicate company skipped: Kayseri Mutfak Dolabı, Vestiyer, Ray Dolap, Banyo Dolabı, laminant parke, iç oda kapısı Güner Mobilya (place_id: ChIJmUh2TPgRKxURZ25QBikLW3A)
2025-10-28 17:32:42,148 - AutomationEngine - INFO - FEEDBACK: ⭕️ KRAL DÖŞEME - Kayseri Koltuk Takımı Kanepe Mobilya İmalatı ve Tamiri zaten mevcut (place_id: ChIJAdX7fjsOKxURw0hHmUwl5Bw), atlanıyor...
2025-10-28 17:32:42,148 - api_manager - INFO - Duplicate company skipped: KRAL DÖŞEME - Kayseri Koltuk Takımı Kanepe Mobilya İmalatı ve Tamiri (place_id: ChIJAdX7fjsOKxURw0hHmUwl5Bw)
2025-10-28 17:32:42,149 - AutomationEngine - INFO - FEEDBACK: 🔍 İşleniyor: Özen Parke ve Mobilya (1/50)
2025-10-28 17:32:42,741 - api_manager - WARNING - Firma detayı alınamadı: 'list' object has no attribute 'add'
2025-10-28 17:32:42,741 - AutomationEngine - INFO - FEEDBACK: ⭕️ KAYSERİ YILWER OFİS MOBİLYALARI zaten mevcut (place_id: ChIJgWIV04oTKxURPeGg6qjqMwg), atlanıyor...
2025-10-28 17:32:42,742 - api_manager - INFO - Duplicate company skipped: KAYSERİ YILWER OFİS MOBİLYALARI (place_id: ChIJgWIV04oTKxURPeGg6qjqMwg)
2025-10-28 17:32:42,742 - AutomationEngine - INFO - FEEDBACK: 🔍 İşleniyor: Venüs Mobilya (1/50)
2025-10-28 17:32:43,193 - api_manager - WARNING - Firma detayı alınamadı: 'list' object has no attribute 'add'
2025-10-28 17:32:43,194 - AutomationEngine - INFO - FEEDBACK: ⭕️ Ritmik Genç Odası | Kayseri Eski Sanayi zaten mevcut (place_id: ChIJ0bnVWEYRKxURpxEnYOM0vvw), atlanıyor...
2025-10-28 17:32:43,195 - api_manager - INFO - Duplicate company skipped: Ritmik Genç Odası | Kayseri Eski Sanayi (place_id: ChIJ0bnVWEYRKxURpxEnYOM0vvw)
2025-10-28 17:32:43,195 - AutomationEngine - INFO - FEEDBACK: ⭕️ HaZaL MoBiLyA zaten mevcut (place_id: ChIJJ2XBJMoRKxURFrl-3ynnbAw), atlanıyor...
2025-10-28 17:32:43,196 - api_manager - INFO - Duplicate company skipped: HaZaL MoBiLyA (place_id: ChIJJ2XBJMoRKxURFrl-3ynnbAw)
2025-10-28 17:32:43,197 - AutomationEngine - INFO - FEEDBACK: ⭕️ Aygül Metal Kayseri Bahçe Mobilyaları zaten mevcut (place_id: ChIJLUzb6WYRKxURtPJlwE51bdQ), atlanıyor...
2025-10-28 17:32:43,197 - api_manager - INFO - Duplicate company skipped: Aygül Metal Kayseri Bahçe Mobilyaları (place_id: ChIJLUzb6WYRKxURtPJlwE51bdQ)
2025-10-28 17:32:43,197 - AutomationEngine - INFO - FEEDBACK: ⭕️ SANDİNO - MAĞAZA / FABRİKA SATIŞ MAĞAZASI OFİS MOBİLYALARI zaten mevcut (place_id: ChIJzYkYKw0RKxURXsYx7dxZCkA), atlanıyor...
2025-10-28 17:32:43,198 - api_manager - INFO - Duplicate company skipped: SANDİNO - MAĞAZA / FABRİKA SATIŞ MAĞAZASI OFİS MOBİLYALARI (place_id: ChIJzYkYKw0RKxURXsYx7dxZCkA)
2025-10-28 17:32:43,198 - AutomationEngine - INFO - FEEDBACK: 🔍 İşleniyor: Devka Mobilya (1/50)
2025-10-28 17:32:43,799 - api_manager - WARNING - Firma detayı alınamadı: 'list' object has no attribute 'add'
2025-10-28 17:32:43,799 - AutomationEngine - INFO - FEEDBACK: ⭕️ Doğtaş Kayseri Forum AVM zaten mevcut (place_id: ChIJN8BKBVETKxURg8ZelFBLw_s), atlanıyor...
2025-10-28 17:32:43,800 - api_manager - INFO - Duplicate company skipped: Doğtaş Kayseri Forum AVM (place_id: ChIJN8BKBVETKxURg8ZelFBLw_s)
2025-10-28 17:32:43,800 - AutomationEngine - INFO - FEEDBACK: 🔍 İşleniyor: Balcıoğlu Mobilya Dekorasyon (1/50)
2025-10-28 17:32:44,213 - api_manager - WARNING - Firma detayı alınamadı: 'list' object has no attribute 'add'
2025-10-28 17:32:44,214 - AutomationEngine - INFO - FEEDBACK: ⭕️ İstikbal Mizan Mobilya zaten mevcut (place_id: ChIJXSj6t_4RKxURyTV_aHLajbo), atlanıyor...
2025-10-28 17:32:44,215 - api_manager - INFO - Duplicate company skipped: İstikbal Mizan Mobilya (place_id: ChIJXSj6t_4RKxURyTV_aHLajbo)
2025-10-28 17:32:44,215 - AutomationEngine - INFO - FEEDBACK: ✅ Toplam 12 yeni firma bulundu! (48 duplikat atlandı)
2025-10-28 17:32:44,216 - api_manager - INFO - Google Maps search completed: 12 new firms, 48 duplicates skipped
2025-10-28 17:32:44,217 - AutomationEngine - INFO - Arama tamamlandı. 12 yeni firma bulundu.
2025-10-28 17:32:44,218 - AutomationEngine - INFO - 12 firma veritabanına kaydediliyor...
2025-10-28 17:32:44,229 - AutomationEngine - INFO - FEEDBACK: 💾 Veritabanına kaydedildi: Elizan Mobilya (1/12)
2025-10-28 17:32:44,231 - AutomationEngine - INFO - FEEDBACK: 💾 Veritabanına kaydedildi: Kelebek Mobilya Kayseri (2/12)
2025-10-28 17:32:44,232 - AutomationEngine - INFO - FEEDBACK: 💾 Veritabanına kaydedildi: Daisy Mobilya (3/12)
2025-10-28 17:32:44,233 - AutomationEngine - INFO - FEEDBACK: 💾 Veritabanına kaydedildi: Aksu Mobilya (4/12)
2025-10-28 17:32:44,234 - AutomationEngine - INFO - FEEDBACK: 💾 Veritabanına kaydedildi: Kayseri Ünal Koltuk kanepe imalatı (5/12)
2025-10-28 17:32:44,235 - AutomationEngine - INFO - FEEDBACK: 💾 Veritabanına kaydedildi: Fierro Mobilya, Kayseri Mobilya, Kayseri Mobilya Mağazası (6/12)
2025-10-28 17:32:44,235 - AutomationEngine - INFO - FEEDBACK: 💾 Veritabanına kaydedildi: Kayseri Mobilyacılar Sitesi (7/12)
2025-10-28 17:32:44,238 - AutomationEngine - INFO - FEEDBACK: 💾 Veritabanına kaydedildi: Ezgi Modüler Mobilya (8/12)
2025-10-28 17:32:44,239 - AutomationEngine - INFO - FEEDBACK: 💾 Veritabanına kaydedildi: Devka Mobilya (9/12)
2025-10-28 17:32:44,240 - AutomationEngine - INFO - FEEDBACK: 💾 Veritabanına kaydedildi: Özen Parke ve Mobilya (10/12)
2025-10-28 17:32:44,241 - AutomationEngine - INFO - FEEDBACK: 💾 Veritabanına kaydedildi: Venüs Mobilya (11/12)
2025-10-28 17:32:44,242 - AutomationEngine - INFO - FEEDBACK: 💾 Veritabanına kaydedildi: Balcıoğlu Mobilya Dekorasyon (12/12)
2025-10-28 17:32:44,242 - AutomationEngine - INFO - 12 firma başarıyla kaydedildi.
2025-10-28 17:32:46,964 - AutomationEngine - INFO - GUI kapatılıyor, motor durdurulacak.
2025-10-28 17:32:49,395 - AutomationEngine - INFO - GUI kapatma işlemi iptal edildi.
2025-10-28 18:39:16,262 - AutomationEngine - INFO - sys.path güncellendi: C:\Users\ibrahim çete\Desktop\mini b2b 2
2025-10-28 18:39:30,012 - AutomationEngine - INFO - Gerekli sınıflar main.py'den başarıyla import edildi.
2025-10-28 18:39:30,382 - AutomationEngine - INFO - MonitoringErrorHandler başlatıldı.
2025-10-28 18:39:30,400 - database - INFO - Veritabanı bağlantısı başarılı (deneme 1)
2025-10-28 18:39:30,401 - database - INFO - Tablolar başarıyla oluşturuldu
2025-10-28 18:39:30,401 - database - INFO - Veritabanı migrasyonu tamamlandı
2025-10-28 18:39:30,415 - database - INFO - İndeksler başarıyla oluşturuldu
2025-10-28 18:39:30,415 - database - INFO - Database başlatıldı
2025-10-28 18:39:30,415 - AutomationEngine - INFO - TaskExecutor başarıyla başlatıldı ve manager'lar yüklendi.
2025-10-28 18:39:30,415 - AutomationEngine - INFO - Kaydedilmiş iş akışı durumu bulunamadı.
2025-10-28 18:39:30,416 - AutomationEngine - INFO - WorkflowOrchestrator başlatıldı.
2025-10-28 18:39:30,416 - AutomationEngine - INFO - NLPCommandParser başlatıldı.
2025-10-28 18:39:30,416 - AutomationEngine - INFO - AILearningOptimizer başlatıldı.
2025-10-28 18:39:30,417 - AutomationEngine - INFO - FEEDBACK: ✅ Otomasyon Motoru başarıyla başlatıldı.
2025-10-28 18:39:30,417 - AutomationEngine - INFO - FEEDBACK: ✅ Yarım kalmış iş akışı bulunamadı.
2025-10-28 18:39:41,614 - AutomationEngine - INFO - GUI kapatılıyor, motor durdurulacak.
2025-10-28 18:39:42,614 - AutomationEngine - INFO - FEEDBACK: 🛑 Motor durduruluyor...
2025-10-28 18:39:42,615 - AutomationEngine - INFO - FEEDBACK: 👋 Motor durduruldu.
2025-10-28 18:39:42,615 - AutomationEngine - INFO - Otomasyon Motoru durduruldu.
2025-10-28 18:39:43,122 - AutomationEngine - INFO - GUI kapatma işlemi onaylandı.
2025-10-28 19:07:48,418 - AutomationEngine - INFO - sys.path güncellendi: C:\Users\ibrahim çete\Desktop\mini b2b 2
2025-10-28 19:08:01,535 - AutomationEngine - INFO - Gerekli sınıflar main.py'den başarıyla import edildi.
2025-10-28 19:08:01,661 - AutomationEngine - INFO - MonitoringErrorHandler başlatıldı.
2025-10-28 19:08:01,663 - database - INFO - Veritabanı bağlantısı başarılı (deneme 1)
2025-10-28 19:08:01,664 - database - INFO - Tablolar başarıyla oluşturuldu
2025-10-28 19:08:01,664 - database - INFO - Veritabanı migrasyonu tamamlandı
2025-10-28 19:08:01,665 - database - INFO - İndeksler başarıyla oluşturuldu
2025-10-28 19:08:01,666 - database - INFO - Database başlatıldı
2025-10-28 19:08:01,666 - AutomationEngine - INFO - TaskExecutor başarıyla başlatıldı ve manager'lar yüklendi.
2025-10-28 19:08:01,666 - AutomationEngine - INFO - Kaydedilmiş iş akışı durumu bulunamadı.
2025-10-28 19:08:01,666 - AutomationEngine - INFO - WorkflowOrchestrator başlatıldı.
2025-10-28 19:08:01,666 - AutomationEngine - INFO - NLPCommandParser başlatıldı.
2025-10-28 19:08:01,666 - AutomationEngine - INFO - AILearningOptimizer başlatıldı.
2025-10-28 19:08:01,667 - AutomationEngine - INFO - FEEDBACK: ✅ Otomasyon Motoru başarıyla başlatıldı.
2025-10-28 19:08:01,667 - AutomationEngine - INFO - FEEDBACK: ✅ Yarım kalmış iş akışı bulunamadı.
2025-10-28 19:09:03,847 - AutomationEngine - INFO - FEEDBACK: 💬 Komut alındı: 'Kayseri'deki mobilya firmalarını bul, analiz et ve 'Yaz Tanıtımı' kampanyasını gönder'
2025-10-28 19:09:03,851 - AutomationEngine - INFO - FEEDBACK: 🧠 Komut anlaşılıyor (NLP)...
2025-10-28 19:09:03,851 - AutomationEngine - INFO - NLP komutu ayrıştırılıyor: 'Kayseri'deki mobilya firmalarını bul, analiz et ve 'Yaz Tanıtımı' kampanyasını gönder'
2025-10-28 19:09:03,851 - AutomationEngine - INFO - Komut başarıyla ayrıştırıldı: {'intent': 'firma_ara_ve_kampanya', 'query': 'mobilya firması', 'location': 'Kayseri', 'max_results': 50, 'campaign_name': 'Yaz İndirimi'}
2025-10-28 19:09:03,852 - AutomationEngine - INFO - FEEDBACK: 👍 Komut anlaşıldı: {'intent': 'firma_ara_ve_kampanya', 'query': 'mobilya firması', 'location': 'Kayseri', 'max_results': 50, 'campaign_name': 'Yaz İndirimi'}
2025-10-28 19:09:03,853 - AutomationEngine - INFO - Yeni iş akışı başlatılıyor: workflow_1761667743
2025-10-28 19:09:03,854 - AutomationEngine - INFO - İş akışı durumu kaydedildi: workflow_state.json
2025-10-28 19:09:03,856 - AutomationEngine - INFO - FEEDBACK: 🚀 Yeni iş akışı 'workflow_1761667743' başlatıldı. İş akışı başlatıldı.
2025-10-28 19:09:03,856 - AutomationEngine - INFO - FEEDBACK: 🔄 Adım yürütülüyor: search...
2025-10-28 19:09:03,856 - AutomationEngine - INFO - Google Maps araması başlatılıyor: Sorgu='mobilya firması', Konum='Kayseri', Max=50
2025-10-28 19:09:03,858 - AutomationEngine - INFO - 210 mevcut place_id bulundu.
2025-10-28 19:09:03,858 - AutomationEngine - INFO - FEEDBACK: 🔍 Arama yapılıyor... (0/50)
2025-10-28 19:09:04,986 - AutomationEngine - INFO - FEEDBACK: ⭕️ İnegöl Mobilya Kayseri, Teleteknik Home zaten mevcut (place_id: ChIJa7GSkZcRKxURdZJCVvSFgsA), atlanıyor...
2025-10-28 19:09:04,988 - api_manager - INFO - Duplicate company skipped: İnegöl Mobilya Kayseri, Teleteknik Home (place_id: ChIJa7GSkZcRKxURdZJCVvSFgsA)
2025-10-28 19:09:04,988 - AutomationEngine - INFO - FEEDBACK: ⭕️ Titanic Möble - İnegöl Mobilyası - Kayseri Mobilya zaten mevcut (place_id: ChIJTfI7powFKxURqcFtZQ4W3aM), atlanıyor...
2025-10-28 19:09:04,988 - api_manager - INFO - Duplicate company skipped: Titanic Möble - İnegöl Mobilyası - Kayseri Mobilya (place_id: ChIJTfI7powFKxURqcFtZQ4W3aM)
2025-10-28 19:09:04,989 - AutomationEngine - INFO - FEEDBACK: ⭕️ Lava Concept - Kayseri İnegöl Mobilya zaten mevcut (place_id: ChIJG3ekzk4TKxURpL_yNvBPuKE), atlanıyor...
2025-10-28 19:09:04,989 - api_manager - INFO - Duplicate company skipped: Lava Concept - Kayseri İnegöl Mobilya (place_id: ChIJG3ekzk4TKxURpL_yNvBPuKE)
2025-10-28 19:09:04,989 - AutomationEngine - INFO - FEEDBACK: ⭕️ H.A ConCept inegöl Mobilyası zaten mevcut (place_id: ChIJgVv0BAQRKxURhiwosNg9zb4), atlanıyor...
2025-10-28 19:09:04,989 - api_manager - INFO - Duplicate company skipped: H.A ConCept inegöl Mobilyası (place_id: ChIJgVv0BAQRKxURhiwosNg9zb4)
2025-10-28 19:09:04,989 - AutomationEngine - INFO - FEEDBACK: ⭕️ Vinda Mobilya | Kayseri Mobilya Mağazası zaten mevcut (place_id: ChIJVwrtLaoPKxUR0PWq1HOVt6c), atlanıyor...
2025-10-28 19:09:04,989 - api_manager - INFO - Duplicate company skipped: Vinda Mobilya | Kayseri Mobilya Mağazası (place_id: ChIJVwrtLaoPKxUR0PWq1HOVt6c)
2025-10-28 19:09:04,989 - AutomationEngine - INFO - FEEDBACK: ⭕️ Zamantı Home Concept , İnegöl Mobilya zaten mevcut (place_id: ChIJ_d0M-j0TKxURkWbxa29vSuw), atlanıyor...
2025-10-28 19:09:04,989 - api_manager - INFO - Duplicate company skipped: Zamantı Home Concept , İnegöl Mobilya (place_id: ChIJ_d0M-j0TKxURkWbxa29vSuw)
2025-10-28 19:09:04,989 - AutomationEngine - INFO - FEEDBACK: ⭕️ Evonza Home Koltuk Takımı ve Mobilya İmalatı Satışı zaten mevcut (place_id: ChIJ0Yevy0QTKxURlgdmGlC1p44), atlanıyor...
2025-10-28 19:09:04,990 - api_manager - INFO - Duplicate company skipped: Evonza Home Koltuk Takımı ve Mobilya İmalatı Satışı (place_id: ChIJ0Yevy0QTKxURlgdmGlC1p44)
2025-10-28 19:09:04,990 - AutomationEngine - INFO - FEEDBACK: ⭕️ LADİN MOBİLYA /KAYSERİ zaten mevcut (place_id: ChIJ0YCYjBkTKxURc7XqYwSYzQ8), atlanıyor...
2025-10-28 19:09:04,990 - api_manager - INFO - Duplicate company skipped: LADİN MOBİLYA /KAYSERİ (place_id: ChIJ0YCYjBkTKxURc7XqYwSYzQ8)
2025-10-28 19:09:04,990 - AutomationEngine - INFO - FEEDBACK: ⭕️ Ela Mobilya & Dekorasyon Mobilya İnovasyon İnşaat Oto Alım-Satım İthalat İhracat Sanayi ve Ticaret Ltd. Şti. zaten mevcut (place_id: ChIJOx90mRUTKxUR_PlQCFdiWZA), atlanıyor...
2025-10-28 19:09:04,990 - api_manager - INFO - Duplicate company skipped: Ela Mobilya & Dekorasyon Mobilya İnovasyon İnşaat Oto Alım-Satım İthalat İhracat Sanayi ve Ticaret Ltd. Şti. (place_id: ChIJOx90mRUTKxUR_PlQCFdiWZA)
2025-10-28 19:09:04,990 - AutomationEngine - INFO - FEEDBACK: ⭕️ Mf Pierre Loti Home Collection zaten mevcut (place_id: ChIJp4Zoy_4RKxURlGy6RXJbvGU), atlanıyor...
2025-10-28 19:09:04,990 - api_manager - INFO - Duplicate company skipped: Mf Pierre Loti Home Collection (place_id: ChIJp4Zoy_4RKxURlGy6RXJbvGU)
2025-10-28 19:09:04,990 - AutomationEngine - INFO - FEEDBACK: ⭕️ Elif Mobilya Fabrika Satış Mağazası zaten mevcut (place_id: ChIJE19qX-YPKxURVOQDt_zNi_8), atlanıyor...
2025-10-28 19:09:04,990 - api_manager - INFO - Duplicate company skipped: Elif Mobilya Fabrika Satış Mağazası (place_id: ChIJE19qX-YPKxURVOQDt_zNi_8)
2025-10-28 19:09:04,991 - AutomationEngine - INFO - FEEDBACK: ⭕️ Baykan Mobilya zaten mevcut (place_id: ChIJKU6JWvkRKxURgcGmzmb7eOs), atlanıyor...
2025-10-28 19:09:04,991 - api_manager - INFO - Duplicate company skipped: Baykan Mobilya (place_id: ChIJKU6JWvkRKxURgcGmzmb7eOs)
2025-10-28 19:09:04,991 - AutomationEngine - INFO - FEEDBACK: ⭕️ Nessihome Mobilya Kayseri zaten mevcut (place_id: ChIJxdOvLfkRKxUR_1Vx6X-Jqx8), atlanıyor...
2025-10-28 19:09:04,991 - api_manager - INFO - Duplicate company skipped: Nessihome Mobilya Kayseri (place_id: ChIJxdOvLfkRKxUR_1Vx6X-Jqx8)
2025-10-28 19:09:04,991 - AutomationEngine - INFO - FEEDBACK: ⭕️ GAMBU CONCEPT MASA-SANDALYE-DRESUAR-BAHÇE MOBİLYASI zaten mevcut (place_id: ChIJQfGC8vsRKxURCpcV7vB9LPY), atlanıyor...
2025-10-28 19:09:04,991 - api_manager - INFO - Duplicate company skipped: GAMBU CONCEPT MASA-SANDALYE-DRESUAR-BAHÇE MOBİLYASI (place_id: ChIJQfGC8vsRKxURCpcV7vB9LPY)
2025-10-28 19:09:04,991 - AutomationEngine - INFO - FEEDBACK: ⭕️ Elitra Mobilya - fabrika zaten mevcut (place_id: ChIJHarsLPgRKxUR0ZUvZpGLrzc), atlanıyor...
2025-10-28 19:09:04,991 - api_manager - INFO - Duplicate company skipped: Elitra Mobilya - fabrika (place_id: ChIJHarsLPgRKxUR0ZUvZpGLrzc)
2025-10-28 19:09:04,992 - AutomationEngine - INFO - FEEDBACK: ⭕️ Kayseri Mutfak Dolabı, Kayseri Vestiyer, Kayseri Banyo Dolabı - Seon Mobilya zaten mevcut (place_id: ChIJM7gcAhwSKxUReCP9H2l2Co0), atlanıyor...
2025-10-28 19:09:04,992 - api_manager - INFO - Duplicate company skipped: Kayseri Mutfak Dolabı, Kayseri Vestiyer, Kayseri Banyo Dolabı - Seon Mobilya (place_id: ChIJM7gcAhwSKxUReCP9H2l2Co0)
2025-10-28 19:09:04,992 - AutomationEngine - INFO - FEEDBACK: ⭕️ Daisy Mobilya zaten mevcut (place_id: ChIJPaU53gUSKxURfL6vFWXsAyU), atlanıyor...
2025-10-28 19:09:04,992 - api_manager - INFO - Duplicate company skipped: Daisy Mobilya (place_id: ChIJPaU53gUSKxURfL6vFWXsAyU)
2025-10-28 19:09:04,992 - AutomationEngine - INFO - FEEDBACK: ⭕️ Ezgi Modüler Mobilya zaten mevcut (place_id: ChIJ6WZF5TMFKxUR5Yd_OMudK_8), atlanıyor...
2025-10-28 19:09:04,992 - api_manager - INFO - Duplicate company skipped: Ezgi Modüler Mobilya (place_id: ChIJ6WZF5TMFKxUR5Yd_OMudK_8)
2025-10-28 19:09:04,992 - AutomationEngine - INFO - FEEDBACK: ⭕️ Alperen Mobilya | Kayseri Mobilya İmalat Firması | Kayseri Toptan Mobilya ve Koltuk Takımı zaten mevcut (place_id: ChIJ9WxG6gARKxURQUGCU4XLTV4), atlanıyor...
2025-10-28 19:09:04,992 - api_manager - INFO - Duplicate company skipped: Alperen Mobilya | Kayseri Mobilya İmalat Firması | Kayseri Toptan Mobilya ve Koltuk Takımı (place_id: ChIJ9WxG6gARKxURQUGCU4XLTV4)
2025-10-28 19:09:04,992 - AutomationEngine - INFO - FEEDBACK: ⭕️ Lükssan Mobilya zaten mevcut (place_id: ChIJe48b6Q8FKxURf5umYq9bUX4), atlanıyor...
2025-10-28 19:09:04,992 - api_manager - INFO - Duplicate company skipped: Lükssan Mobilya (place_id: ChIJe48b6Q8FKxURf5umYq9bUX4)
2025-10-28 19:09:04,992 - AutomationEngine - INFO - FEEDBACK: ⏳ Sonraki sayfa için bekleniyor...
2025-10-28 19:09:06,993 - AutomationEngine - INFO - FEEDBACK: 🔍 Arama yapılıyor... (0/50)
2025-10-28 19:09:08,207 - AutomationEngine - INFO - FEEDBACK: ⭕️ Koltuk Takımı zaten mevcut (place_id: ChIJCTw9JDIRKxURoG-wIjRTJnk), atlanıyor...
2025-10-28 19:09:08,214 - api_manager - INFO - Duplicate company skipped: Koltuk Takımı (place_id: ChIJCTw9JDIRKxURoG-wIjRTJnk)
2025-10-28 19:09:08,214 - AutomationEngine - INFO - FEEDBACK: ⭕️ Ellda Mobilya zaten mevcut (place_id: ChIJl_Bn85gRKxURorgOhbeIS58), atlanıyor...
2025-10-28 19:09:08,214 - api_manager - INFO - Duplicate company skipped: Ellda Mobilya (place_id: ChIJl_Bn85gRKxURorgOhbeIS58)
2025-10-28 19:09:08,215 - AutomationEngine - INFO - FEEDBACK: ⭕️ Solayhome zaten mevcut (place_id: ChIJQ9zGy10RKxURyxoUPqBSnhU), atlanıyor...
2025-10-28 19:09:08,215 - api_manager - INFO - Duplicate company skipped: Solayhome (place_id: ChIJQ9zGy10RKxURyxoUPqBSnhU)
2025-10-28 19:09:08,215 - AutomationEngine - INFO - FEEDBACK: ⭕️ Enkare Home zaten mevcut (place_id: ChIJUUe7ox8RKxUREKDkkA7IK0E), atlanıyor...
2025-10-28 19:09:08,215 - api_manager - INFO - Duplicate company skipped: Enkare Home (place_id: ChIJUUe7ox8RKxUREKDkkA7IK0E)
2025-10-28 19:09:08,216 - AutomationEngine - INFO - FEEDBACK: ⭕️ Gülen Mobilya Kayseri zaten mevcut (place_id: ChIJmxmhaY0RKxURn6Ldt9EsCFQ), atlanıyor...
2025-10-28 19:09:08,216 - api_manager - INFO - Duplicate company skipped: Gülen Mobilya Kayseri (place_id: ChIJmxmhaY0RKxURn6Ldt9EsCFQ)
2025-10-28 19:09:08,216 - AutomationEngine - INFO - FEEDBACK: ⭕️ Kayseri Mobilyacılar Sitesi zaten mevcut (place_id: ChIJH0Xh0_gQKxURW68BgAqdHLA), atlanıyor...
2025-10-28 19:09:08,216 - api_manager - INFO - Duplicate company skipped: Kayseri Mobilyacılar Sitesi (place_id: ChIJH0Xh0_gQKxURW68BgAqdHLA)
2025-10-28 19:09:08,216 - AutomationEngine - INFO - FEEDBACK: ⭕️ Kalem Concept Mobilya zaten mevcut (place_id: ChIJoVLqPPARKxUREtQ1ZU9hlZA), atlanıyor...
2025-10-28 19:09:08,217 - api_manager - INFO - Duplicate company skipped: Kalem Concept Mobilya (place_id: ChIJoVLqPPARKxUREtQ1ZU9hlZA)
2025-10-28 19:09:08,217 - AutomationEngine - INFO - FEEDBACK: ⭕️ Aksu Mobilya zaten mevcut (place_id: ChIJ6wh-fmsFKxURImxYmFR_VUI), atlanıyor...
2025-10-28 19:09:08,217 - api_manager - INFO - Duplicate company skipped: Aksu Mobilya (place_id: ChIJ6wh-fmsFKxURImxYmFR_VUI)
2025-10-28 19:09:08,217 - AutomationEngine - INFO - FEEDBACK: ⭕️ Kayseri Ünal Koltuk kanepe imalatı zaten mevcut (place_id: ChIJeb24yfYZKxURSoYXYV3FGFs), atlanıyor...
2025-10-28 19:09:08,217 - api_manager - INFO - Duplicate company skipped: Kayseri Ünal Koltuk kanepe imalatı (place_id: ChIJeb24yfYZKxURSoYXYV3FGFs)
2025-10-28 19:09:08,217 - AutomationEngine - INFO - FEEDBACK: ⭕️ Zeence Kayseri Mağaza zaten mevcut (place_id: ChIJHaTpFZETKxURlFjaFD9JfI4), atlanıyor...
2025-10-28 19:09:08,217 - api_manager - INFO - Duplicate company skipped: Zeence Kayseri Mağaza (place_id: ChIJHaTpFZETKxURlFjaFD9JfI4)
2025-10-28 19:09:08,217 - AutomationEngine - INFO - FEEDBACK: ⭕️ Gökdemir Mobilya KAYSERİ zaten mevcut (place_id: ChIJ5-v9mYATKxUR6nCP9-rPHUI), atlanıyor...
2025-10-28 19:09:08,217 - api_manager - INFO - Duplicate company skipped: Gökdemir Mobilya KAYSERİ (place_id: ChIJ5-v9mYATKxUR6nCP9-rPHUI)
2025-10-28 19:09:08,217 - AutomationEngine - INFO - FEEDBACK: ⭕️ Nil Mobilya San. Ve Tic. A.Ş. zaten mevcut (place_id: ChIJlz9yG-IRKxURI8pzCMwH9DU), atlanıyor...
2025-10-28 19:09:08,217 - api_manager - INFO - Duplicate company skipped: Nil Mobilya San. Ve Tic. A.Ş. (place_id: ChIJlz9yG-IRKxURI8pzCMwH9DU)
2025-10-28 19:09:08,217 - AutomationEngine - INFO - FEEDBACK: ⭕️ h-concept Mobilya Kayseri zaten mevcut (place_id: ChIJ2XCJhh0SKxURTqez257Gzqo), atlanıyor...
2025-10-28 19:09:08,218 - api_manager - INFO - Duplicate company skipped: h-concept Mobilya Kayseri (place_id: ChIJ2XCJhh0SKxURTqez257Gzqo)
2025-10-28 19:09:08,218 - AutomationEngine - INFO - FEEDBACK: ⭕️ RUBY MOBİLYA zaten mevcut (place_id: ChIJE-RIjHUPKxURRxa7lMMpj5w), atlanıyor...
2025-10-28 19:09:08,218 - api_manager - INFO - Duplicate company skipped: RUBY MOBİLYA (place_id: ChIJE-RIjHUPKxURRxa7lMMpj5w)
2025-10-28 19:09:08,218 - AutomationEngine - INFO - FEEDBACK: ⭕️ Lajivert Genç Odası | Kayseri Eski Sanayi zaten mevcut (place_id: ChIJV571o_wRKxURC0aSm2vha-8), atlanıyor...
2025-10-28 19:09:08,218 - api_manager - INFO - Duplicate company skipped: Lajivert Genç Odası | Kayseri Eski Sanayi (place_id: ChIJV571o_wRKxURC0aSm2vha-8)
2025-10-28 19:09:08,218 - AutomationEngine - INFO - FEEDBACK: ⭕️ HaZaL MoBiLyA zaten mevcut (place_id: ChIJJ2XBJMoRKxURFrl-3ynnbAw), atlanıyor...
2025-10-28 19:09:08,218 - api_manager - INFO - Duplicate company skipped: HaZaL MoBiLyA (place_id: ChIJJ2XBJMoRKxURFrl-3ynnbAw)
2025-10-28 19:09:08,218 - AutomationEngine - INFO - FEEDBACK: ⭕️ Fierro Mobilya, Kayseri Mobilya, Kayseri Mobilya Mağazası zaten mevcut (place_id: ChIJPyvmmvsRKxUR_it7LR0jePY), atlanıyor...
2025-10-28 19:09:08,218 - api_manager - INFO - Duplicate company skipped: Fierro Mobilya, Kayseri Mobilya, Kayseri Mobilya Mağazası (place_id: ChIJPyvmmvsRKxUR_it7LR0jePY)
2025-10-28 19:09:08,218 - AutomationEngine - INFO - FEEDBACK: ⭕️ Serteks Mobilya zaten mevcut (place_id: ChIJpcO3CvwRKxURrSOTd52gUhs), atlanıyor...
2025-10-28 19:09:08,218 - api_manager - INFO - Duplicate company skipped: Serteks Mobilya (place_id: ChIJpcO3CvwRKxURrSOTd52gUhs)
2025-10-28 19:09:08,218 - AutomationEngine - INFO - FEEDBACK: ⭕️ Dizza Home Eski Sanayi Mağaza zaten mevcut (place_id: ChIJmSwubNoRKxUR-O-sfGhMQSA), atlanıyor...
2025-10-28 19:09:08,219 - api_manager - INFO - Duplicate company skipped: Dizza Home Eski Sanayi Mağaza (place_id: ChIJmSwubNoRKxUR-O-sfGhMQSA)
2025-10-28 19:09:08,251 - AutomationEngine - INFO - FEEDBACK: ⭕️ Elizan Mobilya zaten mevcut (place_id: ChIJdwHpekoFKxURS2cgOroaaJ8), atlanıyor...
2025-10-28 19:09:08,267 - api_manager - INFO - Duplicate company skipped: Elizan Mobilya (place_id: ChIJdwHpekoFKxURS2cgOroaaJ8)
2025-10-28 19:09:08,301 - AutomationEngine - INFO - FEEDBACK: ⏳ Sonraki sayfa için bekleniyor...
2025-10-28 19:09:10,348 - AutomationEngine - INFO - FEEDBACK: 🔍 Arama yapılıyor... (0/50)
2025-10-28 19:09:11,513 - AutomationEngine - INFO - FEEDBACK: ⭕️ LUZZO HOME zaten mevcut (place_id: ChIJMTncXeMSKxURN1FlOZMbiY8), atlanıyor...
2025-10-28 19:09:11,513 - api_manager - INFO - Duplicate company skipped: LUZZO HOME (place_id: ChIJMTncXeMSKxURN1FlOZMbiY8)
2025-10-28 19:09:11,514 - AutomationEngine - INFO - FEEDBACK: ⭕️ LORA MOBİLYA zaten mevcut (place_id: ChIJHVIv1gkFKxURiHAut5wcT3A), atlanıyor...
2025-10-28 19:09:11,514 - api_manager - INFO - Duplicate company skipped: LORA MOBİLYA (place_id: ChIJHVIv1gkFKxURiHAut5wcT3A)
2025-10-28 19:09:11,514 - AutomationEngine - INFO - FEEDBACK: ⭕️ Elif Mobilya zaten mevcut (place_id: ChIJ79UdCnEFKxUR_mJ-XPSk8DE), atlanıyor...
2025-10-28 19:09:11,514 - api_manager - INFO - Duplicate company skipped: Elif Mobilya (place_id: ChIJ79UdCnEFKxUR_mJ-XPSk8DE)
2025-10-28 19:09:11,514 - AutomationEngine - INFO - FEEDBACK: ⭕️ Doğtaş Kayseri Forum AVM zaten mevcut (place_id: ChIJN8BKBVETKxURg8ZelFBLw_s), atlanıyor...
2025-10-28 19:09:11,514 - api_manager - INFO - Duplicate company skipped: Doğtaş Kayseri Forum AVM (place_id: ChIJN8BKBVETKxURg8ZelFBLw_s)
2025-10-28 19:09:11,515 - AutomationEngine - INFO - FEEDBACK: ⭕️ Vivense Kayseri Melikgazi Showroom zaten mevcut (place_id: ChIJBVdss_kSKxURb7ozIPWcKak), atlanıyor...
2025-10-28 19:09:11,515 - api_manager - INFO - Duplicate company skipped: Vivense Kayseri Melikgazi Showroom (place_id: ChIJBVdss_kSKxURb7ozIPWcKak)
2025-10-28 19:09:11,515 - AutomationEngine - INFO - FEEDBACK: 🔍 İşleniyor: İstikbal Nadir Ev Concept (1/50)
2025-10-28 19:09:12,188 - api_manager - WARNING - Firma detayı alınamadı: 'list' object has no attribute 'add'
2025-10-28 19:09:12,189 - AutomationEngine - INFO - FEEDBACK: ⭕️ Kelebek Mobilya Kayseri zaten mevcut (place_id: ChIJ57oHpqATKxURfDGN8YH2cH0), atlanıyor...
2025-10-28 19:09:12,203 - api_manager - INFO - Duplicate company skipped: Kelebek Mobilya Kayseri (place_id: ChIJ57oHpqATKxURfDGN8YH2cH0)
2025-10-28 19:09:12,203 - AutomationEngine - INFO - FEEDBACK: ⭕️ KAYSERİ YILWER OFİS MOBİLYALARI zaten mevcut (place_id: ChIJgWIV04oTKxURPeGg6qjqMwg), atlanıyor...
2025-10-28 19:09:12,204 - api_manager - INFO - Duplicate company skipped: KAYSERİ YILWER OFİS MOBİLYALARI (place_id: ChIJgWIV04oTKxURPeGg6qjqMwg)
2025-10-28 19:09:12,204 - AutomationEngine - INFO - FEEDBACK: ⭕️ Gülsoy Home Center zaten mevcut (place_id: ChIJS2hY1h0SKxURjTuqkxVP_i8), atlanıyor...
2025-10-28 19:09:12,204 - api_manager - INFO - Duplicate company skipped: Gülsoy Home Center (place_id: ChIJS2hY1h0SKxURjTuqkxVP_i8)
2025-10-28 19:09:12,205 - AutomationEngine - INFO - FEEDBACK: ⭕️ KRAL DÖŞEME - Kayseri Koltuk Takımı Kanepe Mobilya İmalatı ve Tamiri zaten mevcut (place_id: ChIJAdX7fjsOKxURw0hHmUwl5Bw), atlanıyor...
2025-10-28 19:09:12,205 - api_manager - INFO - Duplicate company skipped: KRAL DÖŞEME - Kayseri Koltuk Takımı Kanepe Mobilya İmalatı ve Tamiri (place_id: ChIJAdX7fjsOKxURw0hHmUwl5Bw)
2025-10-28 19:09:12,205 - AutomationEngine - INFO - FEEDBACK: ⭕️ Diamond Mobilya Kayseri zaten mevcut (place_id: ChIJoyflXdkRKxURvimzdPCWOL0), atlanıyor...
2025-10-28 19:09:12,205 - api_manager - INFO - Duplicate company skipped: Diamond Mobilya Kayseri (place_id: ChIJoyflXdkRKxURvimzdPCWOL0)
2025-10-28 19:09:12,206 - AutomationEngine - INFO - FEEDBACK: 🔍 İşleniyor: Öztürk Döşeme Kayseri Koltuk Kanepe İmalat Tamir Boyama Kumaş Yenileme (1/50)
2025-10-28 19:09:12,882 - api_manager - WARNING - Firma detayı alınamadı: 'list' object has no attribute 'add'
2025-10-28 19:09:12,882 - AutomationEngine - INFO - FEEDBACK: 🔍 İşleniyor: Maximo Mobilya Showroom (1/50)
2025-10-28 19:09:13,515 - api_manager - WARNING - Firma detayı alınamadı: 'list' object has no attribute 'add'
2025-10-28 19:09:13,516 - AutomationEngine - INFO - FEEDBACK: ⭕️ İstikbal Mizan Mobilya zaten mevcut (place_id: ChIJXSj6t_4RKxURyTV_aHLajbo), atlanıyor...
2025-10-28 19:09:13,516 - api_manager - INFO - Duplicate company skipped: İstikbal Mizan Mobilya (place_id: ChIJXSj6t_4RKxURyTV_aHLajbo)
2025-10-28 19:09:13,530 - AutomationEngine - INFO - FEEDBACK: 🔍 İşleniyor: İnegöl Live | Kayseri İnegöl Mobilya Mağazası (1/50)
2025-10-28 19:09:14,191 - api_manager - WARNING - Firma detayı alınamadı: 'list' object has no attribute 'add'
2025-10-28 19:09:14,192 - AutomationEngine - INFO - FEEDBACK: 🔍 İşleniyor: Hensan Merkez Bellona (1/50)
2025-10-28 19:09:14,674 - api_manager - WARNING - Firma detayı alınamadı: 'list' object has no attribute 'add'
2025-10-28 19:09:14,675 - AutomationEngine - INFO - FEEDBACK: ⭕️ Kayseri Mutfak Dolabı, Vestiyer, Ray Dolap, Banyo Dolabı, laminant parke, iç oda kapısı Güner Mobilya zaten mevcut (place_id: ChIJmUh2TPgRKxURZ25QBikLW3A), atlanıyor...
2025-10-28 19:09:14,693 - api_manager - INFO - Duplicate company skipped: Kayseri Mutfak Dolabı, Vestiyer, Ray Dolap, Banyo Dolabı, laminant parke, iç oda kapısı Güner Mobilya (place_id: ChIJmUh2TPgRKxURZ25QBikLW3A)
2025-10-28 19:09:14,693 - AutomationEngine - INFO - FEEDBACK: 🔍 İşleniyor: Mobilya Kent (1/50)
2025-10-28 19:09:15,414 - api_manager - WARNING - Firma detayı alınamadı: 'list' object has no attribute 'add'
2025-10-28 19:09:15,415 - AutomationEngine - INFO - FEEDBACK: 🔍 İşleniyor: Ödül Mobilya & Döşeme (1/50)
2025-10-28 19:09:16,139 - api_manager - WARNING - Firma detayı alınamadı: 'list' object has no attribute 'add'
2025-10-28 19:09:16,140 - AutomationEngine - INFO - FEEDBACK: 🔍 İşleniyor: Meskay Mobilya (1/50)
2025-10-28 19:09:16,880 - api_manager - WARNING - Firma detayı alınamadı: 'list' object has no attribute 'add'
2025-10-28 19:09:16,881 - AutomationEngine - INFO - FEEDBACK: ✅ Toplam 8 yeni firma bulundu! (52 duplikat atlandı)
2025-10-28 19:09:16,881 - api_manager - INFO - Google Maps search completed: 8 new firms, 52 duplicates skipped
2025-10-28 19:09:16,902 - AutomationEngine - INFO - Arama tamamlandı. 8 yeni firma bulundu.
2025-10-28 19:09:16,902 - AutomationEngine - INFO - 8 firma veritabanına kaydediliyor...
2025-10-28 19:09:16,914 - AutomationEngine - INFO - FEEDBACK: 💾 Veritabanına kaydedildi: İstikbal Nadir Ev Concept (1/8)
2025-10-28 19:09:16,932 - AutomationEngine - INFO - FEEDBACK: 💾 Veritabanına kaydedildi: Mobilya Kent (2/8)
2025-10-28 19:09:16,934 - AutomationEngine - INFO - FEEDBACK: 💾 Veritabanına kaydedildi: Hensan Merkez Bellona (3/8)
2025-10-28 19:09:16,935 - AutomationEngine - INFO - FEEDBACK: 💾 Veritabanına kaydedildi: Öztürk Döşeme Kayseri Koltuk Kanepe İmalat Tamir Boyama Kumaş Yenileme (4/8)
2025-10-28 19:09:16,936 - AutomationEngine - INFO - FEEDBACK: 💾 Veritabanına kaydedildi: Ödül Mobilya & Döşeme (5/8)
2025-10-28 19:09:16,937 - AutomationEngine - INFO - FEEDBACK: 💾 Veritabanına kaydedildi: Maximo Mobilya Showroom (6/8)
2025-10-28 19:09:16,937 - AutomationEngine - INFO - FEEDBACK: 💾 Veritabanına kaydedildi: İnegöl Live | Kayseri İnegöl Mobilya Mağazası (7/8)
2025-10-28 19:09:17,007 - AutomationEngine - INFO - FEEDBACK: 💾 Veritabanına kaydedildi: Meskay Mobilya (8/8)
2025-10-28 19:09:17,023 - AutomationEngine - INFO - 8 firma başarıyla kaydedildi.
2025-10-28 19:09:17,042 - AutomationEngine - INFO - Arama adımı tamamlandı. 8 firma bulundu.
2025-10-28 19:09:17,044 - AutomationEngine - INFO - İş akışı durumu kaydedildi: workflow_state.json
2025-10-28 19:09:17,044 - AutomationEngine - INFO - FEEDBACK: 🔄 Adım yürütülüyor: analyze...
2025-10-28 19:09:17,044 - AutomationEngine - INFO - 8 firma analiz edilecek.
2025-10-28 19:09:17,045 - AutomationEngine - INFO - Web sitesi analizi başlatılıyor: İstikbal Nadir Ev Concept - https://www.istikbal.com.tr/?gclid=CjwKCAjwx_eiBhBGEiwA15gLN7VNRhwPE8bWHwvlBzUDFEdU0pLWXqga18dcLOFGaDercOlZefJAGBoC208QAvD_BwE
2025-10-28 19:09:17,055 - AutomationEngine - INFO - FEEDBACK: 🔎 Analiz ediliyor: İstikbal Nadir Ev Concept
2025-10-28 19:09:19,078 - undetected_chromedriver.patcher - INFO - patching driver executable C:\Users\ibrahim çete\appdata\roaming\undetected_chromedriver\undetected_chromedriver.exe
2025-10-28 19:11:25,643 - httpx - INFO - HTTP Request: POST https://api.openai.com/v1/chat/completions "HTTP/1.1 200 OK"
2025-10-28 19:12:04,510 - httpx - INFO - HTTP Request: POST https://api.openai.com/v1/chat/completions "HTTP/1.1 200 OK"
2025-10-28 19:12:04,730 - AutomationEngine - INFO - Analiz tamamlandı: İstikbal Nadir Ev Concept. Bulunan emailler: 2
2025-10-28 19:12:04,733 - AutomationEngine - INFO - FEEDBACK: ✅ Analiz tamamlandı: İstikbal Nadir Ev Concept (2 email)
2025-10-28 19:12:04,767 - AutomationEngine - INFO - FEEDBACK: 💾 Analiz sonuçları kaydedildi: İstikbal Nadir Ev Concept
2025-10-28 19:12:04,787 - AutomationEngine - INFO - İş akışı durumu kaydedildi: workflow_state.json
2025-10-28 19:12:04,787 - AutomationEngine - WARNING - Analiz atlandı: Mobilya Kent için web sitesi URL'si yok.
2025-10-28 19:12:04,787 - AutomationEngine - INFO - FEEDBACK: ⚠️ Analiz atlandı (URL yok): Mobilya Kent
2025-10-28 19:12:04,788 - AutomationEngine - INFO - İş akışı durumu kaydedildi: workflow_state.json
2025-10-28 19:12:04,788 - AutomationEngine - INFO - Web sitesi analizi başlatılıyor: Hensan Merkez Bellona - http://www.hensan.com.tr/
2025-10-28 19:12:04,788 - AutomationEngine - INFO - FEEDBACK: 🔎 Analiz ediliyor: Hensan Merkez Bellona
2025-10-28 19:12:06,676 - undetected_chromedriver.patcher - INFO - patching driver executable C:\Users\ibrahim çete\appdata\roaming\undetected_chromedriver\undetected_chromedriver.exe
2025-10-28 19:13:15,416 - httpx - INFO - HTTP Request: POST https://api.openai.com/v1/chat/completions "HTTP/1.1 200 OK"
2025-10-28 19:13:15,676 - AutomationEngine - INFO - Analiz tamamlandı: Hensan Merkez Bellona. Bulunan emailler: 3
2025-10-28 19:13:15,677 - AutomationEngine - INFO - FEEDBACK: ✅ Analiz tamamlandı: Hensan Merkez Bellona (3 email)
2025-10-28 19:13:15,702 - AutomationEngine - INFO - FEEDBACK: 💾 Analiz sonuçları kaydedildi: Hensan Merkez Bellona
2025-10-28 19:13:15,704 - AutomationEngine - INFO - İş akışı durumu kaydedildi: workflow_state.json
2025-10-28 19:13:15,704 - AutomationEngine - WARNING - Analiz atlandı: Öztürk Döşeme Kayseri Koltuk Kanepe İmalat Tamir Boyama Kumaş Yenileme için web sitesi URL'si yok.
2025-10-28 19:13:15,705 - AutomationEngine - INFO - FEEDBACK: ⚠️ Analiz atlandı (URL yok): Öztürk Döşeme Kayseri Koltuk Kanepe İmalat Tamir Boyama Kumaş Yenileme
2025-10-28 19:13:15,707 - AutomationEngine - INFO - İş akışı durumu kaydedildi: workflow_state.json
2025-10-28 19:13:15,708 - AutomationEngine - WARNING - Analiz atlandı: Ödül Mobilya & Döşeme için web sitesi URL'si yok.
2025-10-28 19:13:15,708 - AutomationEngine - INFO - FEEDBACK: ⚠️ Analiz atlandı (URL yok): Ödül Mobilya & Döşeme
2025-10-28 19:13:15,711 - AutomationEngine - INFO - İş akışı durumu kaydedildi: workflow_state.json
2025-10-28 19:13:15,711 - AutomationEngine - INFO - Web sitesi analizi başlatılıyor: Maximo Mobilya Showroom - http://www.maximo.com.tr/
2025-10-28 19:13:15,735 - AutomationEngine - INFO - FEEDBACK: 🔎 Analiz ediliyor: Maximo Mobilya Showroom
2025-10-28 19:13:17,657 - undetected_chromedriver.patcher - INFO - patching driver executable C:\Users\ibrahim çete\appdata\roaming\undetected_chromedriver\undetected_chromedriver.exe
2025-10-28 19:14:30,112 - httpx - INFO - HTTP Request: POST https://api.openai.com/v1/chat/completions "HTTP/1.1 200 OK"
2025-10-28 19:14:30,198 - AutomationEngine - INFO - Analiz tamamlandı: Maximo Mobilya Showroom. Bulunan emailler: 2
2025-10-28 19:14:30,198 - AutomationEngine - INFO - FEEDBACK: ✅ Analiz tamamlandı: Maximo Mobilya Showroom (2 email)
2025-10-28 19:14:30,219 - AutomationEngine - INFO - FEEDBACK: 💾 Analiz sonuçları kaydedildi: Maximo Mobilya Showroom
2025-10-28 19:14:30,220 - AutomationEngine - INFO - İş akışı durumu kaydedildi: workflow_state.json
2025-10-28 19:14:30,221 - AutomationEngine - INFO - Web sitesi analizi başlatılıyor: İnegöl Live | Kayseri İnegöl Mobilya Mağazası - https://inegollive.com/
2025-10-28 19:14:30,222 - AutomationEngine - INFO - FEEDBACK: 🔎 Analiz ediliyor: İnegöl Live | Kayseri İnegöl Mobilya Mağazası
2025-10-28 19:14:32,450 - undetected_chromedriver.patcher - INFO - patching driver executable C:\Users\ibrahim çete\appdata\roaming\undetected_chromedriver\undetected_chromedriver.exe
2025-10-28 19:16:19,495 - undetected_chromedriver.patcher - INFO - patching driver executable C:\Users\ibrahim çete\appdata\roaming\undetected_chromedriver\undetected_chromedriver.exe
2025-10-28 19:18:05,777 - undetected_chromedriver.patcher - INFO - patching driver executable C:\Users\ibrahim çete\appdata\roaming\undetected_chromedriver\undetected_chromedriver.exe
2025-10-28 19:18:42,929 - AutomationEngine - INFO - Analiz tamamlandı: İnegöl Live | Kayseri İnegöl Mobilya Mağazası. Bulunan emailler: 0
2025-10-28 19:18:42,930 - AutomationEngine - INFO - FEEDBACK: ✅ Analiz tamamlandı: İnegöl Live | Kayseri İnegöl Mobilya Mağazası (0 email)
2025-10-28 19:18:42,956 - AutomationEngine - INFO - FEEDBACK: 💾 Analiz sonuçları kaydedildi: İnegöl Live | Kayseri İnegöl Mobilya Mağazası
2025-10-28 19:18:42,959 - AutomationEngine - INFO - İş akışı durumu kaydedildi: workflow_state.json
2025-10-28 19:18:42,959 - AutomationEngine - INFO - Web sitesi analizi başlatılıyor: Meskay Mobilya - http://www.meskay.com.tr/
2025-10-28 19:18:42,960 - AutomationEngine - INFO - FEEDBACK: 🔎 Analiz ediliyor: Meskay Mobilya
2025-10-28 19:18:44,770 - undetected_chromedriver.patcher - INFO - patching driver executable C:\Users\ibrahim çete\appdata\roaming\undetected_chromedriver\undetected_chromedriver.exe
2025-10-28 19:21:02,652 - httpx - INFO - HTTP Request: POST https://api.openai.com/v1/chat/completions "HTTP/1.1 200 OK"
2025-10-28 19:21:39,644 - httpx - INFO - HTTP Request: POST https://api.openai.com/v1/chat/completions "HTTP/1.1 200 OK"
2025-10-28 19:21:39,876 - AutomationEngine - INFO - Analiz tamamlandı: Meskay Mobilya. Bulunan emailler: 0
2025-10-28 19:21:39,879 - AutomationEngine - INFO - FEEDBACK: ✅ Analiz tamamlandı: Meskay Mobilya (0 email)
2025-10-28 19:21:39,938 - AutomationEngine - INFO - FEEDBACK: 💾 Analiz sonuçları kaydedildi: Meskay Mobilya
2025-10-28 19:21:39,942 - AutomationEngine - INFO - İş akışı durumu kaydedildi: workflow_state.json
2025-10-28 19:21:39,943 - AutomationEngine - INFO - Analiz adımı tamamlandı. 8 firma analiz edildi.
2025-10-28 19:21:39,945 - AutomationEngine - INFO - İş akışı durumu kaydedildi: workflow_state.json
2025-10-28 19:21:39,946 - AutomationEngine - INFO - FEEDBACK: 🔄 Adım yürütülüyor: campaign...
2025-10-28 19:21:39,946 - AutomationEngine - INFO - 8 firmaya kampanya gönderilecek.
2025-10-28 19:21:39,994 - AutomationEngine - INFO - Email kampanyası başlatılıyor: 8 firma.
2025-10-28 19:21:40,022 - AutomationEngine - INFO - FEEDBACK: 🚀 Kampanya başlatılıyor (8 firma)...
2025-10-28 19:21:40,022 - AutomationEngine - INFO - FEEDBACK: ✉️ Email hazırlanıyor: İstikbal Nadir Ev Concept (1/8)
2025-10-28 19:21:40,023 - AutomationEngine - INFO - AI ile email oluşturuluyor: İstikbal Nadir Ev Concept
2025-10-28 19:21:49,411 - httpx - INFO - HTTP Request: POST https://api.openai.com/v1/chat/completions "HTTP/1.1 200 OK"
2025-10-28 19:21:49,422 - AutomationEngine - INFO - FEEDBACK: ➡️ Gönderiliyor: İstikbal Nadir Ev Concept -> sim@adres.com
2025-10-28 19:23:36,762 - AutomationEngine - INFO - İş akışı durumu kaydedildi: workflow_state.json
2025-10-28 19:23:36,763 - AutomationEngine - INFO - İş akışı (workflow_1761667743) duraklatıldı.
2025-10-28 19:23:37,398 - AutomationEngine - INFO - GUI kapatılıyor, motor durdurulacak.
2025-10-28 19:23:38,474 - AutomationEngine - INFO - FEEDBACK: 🛑 Motor durduruluyor...
2025-10-28 19:23:38,496 - AutomationEngine - INFO - İş akışı (workflow_1761667743) durduruluyor.
2025-10-28 19:23:38,504 - AutomationEngine - INFO - Aktif iş akışı yok, durum dosyası temizlendi.
2025-10-28 19:23:38,504 - AutomationEngine - INFO - İş akışı (workflow_1761667743) durduruldu ve temizlendi.
2025-10-28 19:23:38,505 - AutomationEngine - INFO - FEEDBACK: 👋 Motor durduruldu.
2025-10-28 19:23:38,505 - AutomationEngine - INFO - Otomasyon Motoru durduruldu.
2025-10-28 19:23:39,011 - AutomationEngine - INFO - GUI kapatma işlemi onaylandı.
2025-10-28 19:23:39,148 - uc - INFO - ensuring close
2025-10-28 19:23:39,149 - uc - INFO - ensuring close
2025-10-28 19:23:39,149 - uc - INFO - ensuring close
2025-10-28 19:23:39,150 - uc - INFO - ensuring close
2025-10-28 19:23:39,150 - uc - INFO - ensuring close
2025-10-28 19:23:39,151 - uc - INFO - ensuring close
2025-10-28 19:23:39,151 - uc - INFO - ensuring close
2025-10-28 19:23:39,151 - uc - INFO - ensuring close
2025-10-28 19:23:39,152 - uc - INFO - ensuring close
2025-10-28 19:23:39,153 - uc - INFO - ensuring close
2025-10-28 19:23:39,154 - uc - INFO - ensuring close
2025-10-28 19:23:39,155 - uc - INFO - ensuring close
2025-10-28 19:23:39,156 - uc - INFO - ensuring close
2025-10-28 19:23:39,163 - uc - INFO - ensuring close
2025-10-28 19:23:39,169 - uc - INFO - ensuring close
2025-10-28 19:28:26,022 - AutomationEngine - INFO - sys.path güncellendi: C:\Users\ibrahim çete\Desktop\mini b2b 2
2025-10-28 19:28:40,311 - AutomationEngine - INFO - Gerekli sınıflar main.py'den başarıyla import edildi.
2025-10-28 19:28:41,487 - AutomationEngine - INFO - MonitoringErrorHandler başlatıldı.
2025-10-28 19:28:41,489 - database - INFO - Veritabanı bağlantısı başarılı (deneme 1)
2025-10-28 19:28:41,489 - database - INFO - Tablolar başarıyla oluşturuldu
2025-10-28 19:28:41,490 - database - INFO - Veritabanı migrasyonu tamamlandı
2025-10-28 19:28:41,491 - database - INFO - İndeksler başarıyla oluşturuldu
2025-10-28 19:28:41,491 - database - INFO - Database başlatıldı
2025-10-28 19:28:41,492 - AutomationEngine - INFO - TaskExecutor başarıyla başlatıldı ve manager'lar yüklendi.
2025-10-28 19:28:41,492 - AutomationEngine - INFO - Kaydedilmiş iş akışı durumu bulunamadı.
2025-10-28 19:28:41,492 - AutomationEngine - INFO - WorkflowOrchestrator başlatıldı.
2025-10-28 19:28:41,492 - AutomationEngine - INFO - NLPCommandParser başlatıldı.
2025-10-28 19:28:41,492 - AutomationEngine - INFO - AILearningOptimizer başlatıldı.
2025-10-28 19:28:41,493 - AutomationEngine - INFO - FEEDBACK: ✅ Otomasyon Motoru başarıyla başlatıldı.
2025-10-28 19:28:41,493 - AutomationEngine - INFO - FEEDBACK: ✅ Yarım kalmış iş akışı bulunamadı.
2025-10-28 19:29:59,147 - AutomationEngine - INFO - sys.path güncellendi: C:\Users\ibrahim çete\Desktop\mini b2b 2
2025-10-28 19:30:09,202 - AutomationEngine - INFO - Gerekli sınıflar main.py'den başarıyla import edildi.
2025-10-28 19:30:10,314 - AutomationEngine - INFO - MonitoringErrorHandler başlatıldı.
2025-10-28 19:30:10,318 - database - INFO - Veritabanı bağlantısı başarılı (deneme 1)
2025-10-28 19:30:10,319 - database - INFO - Tablolar başarıyla oluşturuldu
2025-10-28 19:30:10,319 - database - INFO - Veritabanı migrasyonu tamamlandı
2025-10-28 19:30:10,336 - database - INFO - İndeksler başarıyla oluşturuldu
2025-10-28 19:30:10,336 - database - INFO - Database başlatıldı
2025-10-28 19:30:10,336 - AutomationEngine - INFO - TaskExecutor başarıyla başlatıldı ve manager'lar yüklendi.
2025-10-28 19:30:10,337 - AutomationEngine - INFO - Kaydedilmiş iş akışı durumu bulunamadı.
2025-10-28 19:30:10,337 - AutomationEngine - INFO - WorkflowOrchestrator başlatıldı.
2025-10-28 19:30:10,337 - AutomationEngine - INFO - NLPCommandParser başlatıldı.
2025-10-28 19:30:10,337 - AutomationEngine - INFO - AILearningOptimizer başlatıldı.
2025-10-28 19:30:10,337 - AutomationEngine - INFO - FEEDBACK: ✅ Otomasyon Motoru başarıyla başlatıldı.
2025-10-28 19:30:10,337 - AutomationEngine - INFO - FEEDBACK: ✅ Yarım kalmış iş akışı bulunamadı.
2025-10-28 19:32:29,753 - AutomationEngine - INFO - sys.path güncellendi: C:\Users\ibrahim çete\Desktop\mini b2b 2
2025-10-28 19:33:20,946 - AutomationEngine - INFO - Gerekli sınıflar main.py'den başarıyla import edildi.
2025-10-28 19:33:22,443 - AutomationEngine - INFO - MonitoringErrorHandler başlatıldı.
2025-10-28 19:33:22,482 - database - INFO - Veritabanı bağlantısı başarılı (deneme 1)
2025-10-28 19:33:22,483 - database - INFO - Tablolar başarıyla oluşturuldu
2025-10-28 19:33:22,483 - database - INFO - Veritabanı migrasyonu tamamlandı
2025-10-28 19:33:22,492 - database - INFO - İndeksler başarıyla oluşturuldu
2025-10-28 19:33:22,492 - database - INFO - Database başlatıldı
2025-10-28 19:33:22,493 - AutomationEngine - INFO - TaskExecutor başarıyla başlatıldı ve manager'lar yüklendi.
2025-10-28 19:33:22,493 - AutomationEngine - INFO - Kaydedilmiş iş akışı durumu bulunamadı.
2025-10-28 19:33:22,493 - AutomationEngine - INFO - WorkflowOrchestrator başlatıldı.
2025-10-28 19:33:22,493 - AutomationEngine - INFO - NLPCommandParser başlatıldı.
2025-10-28 19:33:22,493 - AutomationEngine - INFO - AILearningOptimizer başlatıldı.
2025-10-28 19:33:22,494 - AutomationEngine - INFO - FEEDBACK: ✅ Otomasyon Motoru başarıyla başlatıldı.
2025-10-28 19:33:22,494 - AutomationEngine - INFO - FEEDBACK: ✅ Yarım kalmış iş akışı bulunamadı.
2025-10-28 20:16:23,399 - AutomationEngine - INFO - sys.path güncellendi: C:\Users\ibrahim çete\Desktop\mini b2b 2
2025-10-28 20:17:05,078 - AutomationEngine - INFO - Gerekli sınıflar main.py'den başarıyla import edildi.
2025-10-28 20:17:06,320 - AutomationEngine - INFO - MonitoringErrorHandler başlatıldı.
2025-10-28 20:17:06,343 - database - INFO - Veritabanı bağlantısı başarılı (deneme 1)
2025-10-28 20:17:06,343 - database - INFO - Tablolar başarıyla oluşturuldu
2025-10-28 20:17:06,344 - database - INFO - Veritabanı migrasyonu tamamlandı
2025-10-28 20:17:06,353 - database - INFO - İndeksler başarıyla oluşturuldu
2025-10-28 20:17:06,354 - database - INFO - Database başlatıldı
2025-10-28 20:17:06,354 - AutomationEngine - INFO - TaskExecutor başarıyla başlatıldı ve manager'lar yüklendi.
2025-10-28 20:17:06,354 - AutomationEngine - INFO - Kaydedilmiş iş akışı durumu bulunamadı.
2025-10-28 20:17:06,354 - AutomationEngine - INFO - WorkflowOrchestrator başlatıldı.
2025-10-28 20:17:06,355 - AutomationEngine - INFO - NLPCommandParser başlatıldı.
2025-10-28 20:17:06,355 - AutomationEngine - INFO - AILearningOptimizer başlatıldı.
2025-10-28 20:17:06,356 - AutomationEngine - INFO - FEEDBACK: ✅ Otomasyon Motoru başarıyla başlatıldı.
2025-10-28 20:17:06,357 - AutomationEngine - INFO - FEEDBACK: ✅ Yarım kalmış iş akışı bulunamadı.
2025-10-28 20:23:28,638 - AutomationEngine - INFO - sys.path güncellendi: C:\Users\ibrahim çete\Desktop\mini b2b 2
2025-10-28 20:23:37,170 - AutomationEngine - INFO - Gerekli sınıflar main.py'den başarıyla import edildi.
2025-10-28 20:23:40,008 - AutomationEngine - INFO - MonitoringErrorHandler başlatıldı.
2025-10-28 20:23:40,010 - database - INFO - Veritabanı bağlantısı başarılı (deneme 1)
2025-10-28 20:23:40,012 - database - INFO - Tablolar başarıyla oluşturuldu
2025-10-28 20:23:40,012 - database - INFO - Veritabanı migrasyonu tamamlandı
2025-10-28 20:23:40,033 - database - INFO - İndeksler başarıyla oluşturuldu
2025-10-28 20:23:40,033 - database - INFO - Database başlatıldı
2025-10-28 20:23:40,033 - AutomationEngine - INFO - TaskExecutor başarıyla başlatıldı ve manager'lar yüklendi.
2025-10-28 20:23:40,034 - AutomationEngine - INFO - Kaydedilmiş iş akışı durumu bulunamadı.
2025-10-28 20:23:40,034 - AutomationEngine - INFO - WorkflowOrchestrator başlatıldı.
2025-10-28 20:23:40,034 - AutomationEngine - INFO - NLPCommandParser başlatıldı.
2025-10-28 20:23:40,035 - AutomationEngine - INFO - AILearningOptimizer başlatıldı.
2025-10-28 20:23:40,035 - AutomationEngine - INFO - FEEDBACK: ✅ Otomasyon Motoru başarıyla başlatıldı.
2025-10-28 20:23:40,036 - AutomationEngine - INFO - FEEDBACK: ✅ Yarım kalmış iş akışı bulunamadı.
2025-10-28 20:37:11,927 - AutomationEngine - INFO - sys.path güncellendi: C:\Users\ibrahim çete\Desktop\mini b2b 2
2025-10-28 20:37:18,735 - AutomationEngine - INFO - Gerekli sınıflar main.py'den başarıyla import edildi.
2025-10-28 20:37:21,573 - AutomationEngine - INFO - MonitoringErrorHandler başlatıldı.
2025-10-28 20:37:21,575 - database - INFO - Veritabanı bağlantısı başarılı (deneme 1)
2025-10-28 20:37:21,575 - database - INFO - Tablolar başarıyla oluşturuldu
2025-10-28 20:37:21,576 - database - INFO - Veritabanı migrasyonu tamamlandı
2025-10-28 20:37:21,587 - database - INFO - İndeksler başarıyla oluşturuldu
2025-10-28 20:37:21,587 - database - INFO - Database başlatıldı
2025-10-28 20:37:21,587 - AutomationEngine - INFO - TaskExecutor başarıyla başlatıldı ve manager'lar yüklendi.
2025-10-28 20:37:21,588 - AutomationEngine - INFO - Kaydedilmiş iş akışı durumu bulunamadı.
2025-10-28 20:37:21,588 - AutomationEngine - INFO - WorkflowOrchestrator başlatıldı.
2025-10-28 20:37:21,588 - AutomationEngine - INFO - NLPCommandParser başlatıldı.
2025-10-28 20:37:21,588 - AutomationEngine - INFO - AILearningOptimizer başlatıldı.
2025-10-28 20:37:21,589 - AutomationEngine - INFO - FEEDBACK: ✅ Otomasyon Motoru başarıyla başlatıldı.
2025-10-28 20:37:21,589 - AutomationEngine - INFO - FEEDBACK: ✅ Yarım kalmış iş akışı bulunamadı.
2025-10-28 20:37:32,235 - AutomationEngine - INFO - NLP komutu ayrıştırılıyor: 'selam nasılsın'
2025-10-28 20:37:32,235 - AutomationEngine - INFO - Komut başarıyla ayrıştırıldı: {'intent': 'bilgi_sor'}
2025-10-28 20:39:43,350 - AutomationEngine - INFO - sys.path güncellendi: C:\Users\ibrahim çete\Desktop\mini b2b 2
2025-10-28 20:39:50,037 - AutomationEngine - INFO - Gerekli sınıflar main.py'den başarıyla import edildi.
2025-10-28 20:39:52,734 - AutomationEngine - INFO - MonitoringErrorHandler başlatıldı.
2025-10-28 20:39:52,736 - database - INFO - Veritabanı bağlantısı başarılı (deneme 1)
2025-10-28 20:39:52,736 - database - INFO - Tablolar başarıyla oluşturuldu
2025-10-28 20:39:52,737 - database - INFO - Veritabanı migrasyonu tamamlandı
2025-10-28 20:39:52,748 - database - INFO - İndeksler başarıyla oluşturuldu
2025-10-28 20:39:52,749 - database - INFO - Database başlatıldı
2025-10-28 20:39:52,749 - AutomationEngine - INFO - TaskExecutor başarıyla başlatıldı ve manager'lar yüklendi.
2025-10-28 20:39:52,749 - AutomationEngine - INFO - Kaydedilmiş iş akışı durumu bulunamadı.
2025-10-28 20:39:52,749 - AutomationEngine - INFO - WorkflowOrchestrator başlatıldı.
2025-10-28 20:39:52,749 - AutomationEngine - INFO - NLPCommandParser başlatıldı.
2025-10-28 20:39:52,750 - AutomationEngine - INFO - AILearningOptimizer başlatıldı.
2025-10-28 20:39:52,750 - AutomationEngine - INFO - FEEDBACK: ✅ Otomasyon Motoru başarıyla başlatıldı.
2025-10-28 20:39:52,751 - AutomationEngine - INFO - FEEDBACK: ✅ Yarım kalmış iş akışı bulunamadı.
2025-10-28 20:41:06,108 - AutomationEngine - INFO - sys.path güncellendi: C:\Users\ibrahim çete\Desktop\mini b2b 2
2025-10-28 20:41:12,988 - AutomationEngine - INFO - Gerekli sınıflar main.py'den başarıyla import edildi.
2025-10-28 20:41:15,815 - AutomationEngine - INFO - MonitoringErrorHandler başlatıldı.
2025-10-28 20:41:15,817 - database - INFO - Veritabanı bağlantısı başarılı (deneme 1)
2025-10-28 20:41:15,818 - database - INFO - Tablolar başarıyla oluşturuldu
2025-10-28 20:41:15,819 - database - INFO - Veritabanı migrasyonu tamamlandı
2025-10-28 20:41:15,828 - database - INFO - İndeksler başarıyla oluşturuldu
2025-10-28 20:41:15,829 - database - INFO - Database başlatıldı
2025-10-28 20:41:15,829 - AutomationEngine - INFO - TaskExecutor başarıyla başlatıldı ve manager'lar yüklendi.
2025-10-28 20:41:15,829 - AutomationEngine - INFO - Kaydedilmiş iş akışı durumu bulunamadı.
2025-10-28 20:41:15,829 - AutomationEngine - INFO - WorkflowOrchestrator başlatıldı.
2025-10-28 20:41:15,829 - AutomationEngine - INFO - NLPCommandParser başlatıldı.
2025-10-28 20:41:15,829 - AutomationEngine - INFO - AILearningOptimizer başlatıldı.
2025-10-28 20:41:15,830 - AutomationEngine - INFO - FEEDBACK: ✅ Otomasyon Motoru başarıyla başlatıldı.
2025-10-28 20:41:15,830 - AutomationEngine - INFO - FEEDBACK: ✅ Yarım kalmış iş akışı bulunamadı.
2025-10-28 20:43:16,819 - AutomationEngine - INFO - NLP komutu ayrıştırılıyor: 'selam'
2025-10-28 20:43:16,820 - AutomationEngine - INFO - Komut başarıyla ayrıştırıldı: {'intent': 'bilgi_sor'}
2025-10-28 20:43:21,474 - AutomationEngine - INFO - NLP komutu ayrıştırılıyor: 'naber'
2025-10-28 20:43:21,474 - AutomationEngine - INFO - Komut başarıyla ayrıştırıldı: {'intent': 'bilgi_sor'}
2025-10-28 20:43:30,014 - AutomationEngine - INFO - NLP komutu ayrıştırılıyor: 'ne'
2025-10-28 20:43:30,015 - AutomationEngine - INFO - Komut başarıyla ayrıştırıldı: {'intent': 'bilgi_sor'}
2025-10-28 20:45:35,732 - AutomationEngine - INFO - NLP komutu ayrıştırılıyor: 'Ankara'daki yazılım firmalarını bul ve 'Yeni Teklif' kampanyasını gönder'
2025-10-28 20:45:35,733 - AutomationEngine - INFO - Komut başarıyla ayrıştırıldı: {'intent': 'bilgi_sor'}
2025-10-28 20:45:35,733 - AutomationEngine - INFO - Yeni iş akışı başlatılıyor: workflow_1761673535
2025-10-28 20:45:35,735 - AutomationEngine - INFO - İş akışı durumu kaydedildi: workflow_state.json
2025-10-28 20:45:35,738 - AutomationEngine - CRITICAL - İş akışı hatası (workflow_1761673535) - Adım: search. Hata: Arama için 'query' ve 'location' gerekli.
Traceback (most recent call last):
  File "C:\Users\ibrahim çete\Desktop\mini b2b 2\workflow_orchestrator.py", line 140, in run_workflow
    raise ValueError("Arama için 'query' ve 'location' gerekli.")
ValueError: Arama için 'query' ve 'location' gerekli.
2025-10-28 20:45:35,738 - AutomationEngine - INFO - NLP geri bildirimi eklendi: Komut='Ankara'daki yazılım firmalarını bul ve 'Yeni Teklif' kampanyasını gönder', Doğru mu=True
2025-10-28 20:45:35,788 - AutomationEngine - INFO - İş akışı durumu kaydedildi: workflow_state.json
2025-10-28 20:45:35,794 - AutomationEngine - INFO - FEEDBACK: 💬 Komut alındı: 'Ankara'daki yazılım firmalarını bul ve 'Yeni Teklif' kampanyasını gönder'
2025-10-28 20:45:35,797 - AutomationEngine - INFO - FEEDBACK: 🧠 Komut anlaşılıyor (NLP)...
2025-10-28 20:45:35,798 - AutomationEngine - INFO - NLP komutu ayrıştırılıyor: 'Ankara'daki yazılım firmalarını bul ve 'Yeni Teklif' kampanyasını gönder'
2025-10-28 20:45:35,799 - AutomationEngine - INFO - Komut başarıyla ayrıştırıldı: {'intent': 'bilgi_sor'}
2025-10-28 20:45:35,800 - AutomationEngine - INFO - FEEDBACK: 👍 Komut anlaşıldı: {'intent': 'bilgi_sor', 'max_results': 50}
2025-10-28 20:45:35,800 - AutomationEngine - INFO - FEEDBACK: ❓ Anladığım kadarıyla bir bilgi istiyorsunuz, ancak tam olarak ne istediğinizi belirtmelisiniz.
2025-10-28 20:45:39,250 - AutomationEngine - INFO - İş akışı (workflow_1761673535) durduruluyor.
2025-10-28 20:45:39,251 - AutomationEngine - INFO - Aktif iş akışı yok, durum dosyası temizlendi.
2025-10-28 20:45:39,251 - AutomationEngine - INFO - İş akışı (workflow_1761673535) durduruldu ve temizlendi.
2025-10-28 20:48:42,705 - AutomationEngine - INFO - sys.path güncellendi: C:\Users\ibrahim çete\Desktop\mini b2b 2
2025-10-28 20:48:44,437 - AutomationEngine - INFO - Gerekli sınıflar main.py'den başarıyla import edildi.
2025-10-28 20:48:47,418 - comtypes.client._code_cache - INFO - Imported existing <module 'comtypes.gen' from 'C:\\Users\\ibrahim çete\\AppData\\Roaming\\Python\\Python313\\site-packages\\comtypes\\gen\\__init__.py'>
2025-10-28 20:48:47,418 - comtypes.client._code_cache - INFO - Using writeable comtypes cache directory: 'C:\Users\ibrahim çete\AppData\Roaming\Python\Python313\site-packages\comtypes\gen'
2025-10-28 20:48:54,442 - AutomationEngine - INFO - MonitoringErrorHandler başlatıldı.
2025-10-28 20:48:54,460 - database - INFO - Veritabanı bağlantısı başarılı (deneme 1)
2025-10-28 20:48:54,461 - database - INFO - Tablolar başarıyla oluşturuldu
2025-10-28 20:48:54,461 - database - INFO - Veritabanı migrasyonu tamamlandı
2025-10-28 20:48:54,472 - database - INFO - İndeksler başarıyla oluşturuldu
2025-10-28 20:48:54,472 - database - INFO - Database başlatıldı
2025-10-28 20:48:54,472 - AutomationEngine - INFO - TaskExecutor başarıyla başlatıldı ve manager'lar yüklendi.
2025-10-28 20:48:54,472 - AutomationEngine - INFO - Kaydedilmiş iş akışı durumu bulunamadı.
2025-10-28 20:48:54,473 - AutomationEngine - INFO - WorkflowOrchestrator başlatıldı.
2025-10-28 20:48:54,473 - AutomationEngine - INFO - NLPCommandParser başlatıldı.
2025-10-28 20:48:54,481 - AutomationEngine - INFO - AILearningOptimizer başlatıldı.
2025-10-28 20:48:54,483 - AutomationEngine - INFO - FEEDBACK: ✅ Otomasyon Motoru başarıyla başlatıldı.
2025-10-28 20:48:54,483 - AutomationEngine - INFO - FEEDBACK: ✅ Yarım kalmış iş akışı bulunamadı.
2025-10-28 20:49:29,008 - AutomationEngine - INFO - NLP komutu ayrıştırılıyor: 'Beni duyabiliyor musun şu an'
2025-10-28 20:49:29,009 - AutomationEngine - INFO - Komut başarıyla ayrıştırıldı: {'intent': 'bilgi_sor'}
2025-10-28 23:20:27,506 - AutomationEngine - INFO - sys.path güncellendi: C:\Users\ibrahim çete\Desktop\mini b2b 2 - Kopya (5)
2025-10-28 23:20:29,614 - AutomationEngine - INFO - Gerekli sınıflar main.py'den başarıyla import edildi.
2025-10-28 23:20:32,782 - comtypes.client._code_cache - INFO - Imported existing <module 'comtypes.gen' from 'C:\\Users\\ibrahim çete\\AppData\\Roaming\\Python\\Python313\\site-packages\\comtypes\\gen\\__init__.py'>
2025-10-28 23:20:32,782 - comtypes.client._code_cache - INFO - Using writeable comtypes cache directory: 'C:\Users\ibrahim çete\AppData\Roaming\Python\Python313\site-packages\comtypes\gen'
2025-10-28 23:20:37,825 - AutomationEngine - INFO - MonitoringErrorHandler başlatıldı.
2025-10-28 23:20:37,842 - database - INFO - Veritabanı bağlantısı başarılı (deneme 1)
2025-10-28 23:20:37,842 - database - INFO - Tablolar başarıyla oluşturuldu
2025-10-28 23:20:37,843 - database - INFO - Veritabanı migrasyonu tamamlandı
2025-10-28 23:20:37,851 - database - INFO - İndeksler başarıyla oluşturuldu
2025-10-28 23:20:37,851 - database - INFO - Database başlatıldı
2025-10-28 23:20:37,852 - AutomationEngine - INFO - TaskExecutor başarıyla başlatıldı ve manager'lar yüklendi.
2025-10-28 23:20:37,852 - AutomationEngine - INFO - Kaydedilmiş iş akışı durumu bulunamadı.
2025-10-28 23:20:37,852 - AutomationEngine - INFO - WorkflowOrchestrator başlatıldı.
2025-10-28 23:20:37,852 - AutomationEngine - INFO - NLPCommandParser başlatıldı.
2025-10-28 23:20:37,863 - AutomationEngine - INFO - AILearningOptimizer başlatıldı.
2025-10-28 23:20:37,863 - AutomationEngine - INFO - FEEDBACK: ✅ Otomasyon Motoru başarıyla başlatıldı.
2025-10-28 23:20:37,864 - AutomationEngine - INFO - FEEDBACK: ✅ Yarım kalmış iş akışı bulunamadı.
2025-10-28 23:54:49,849 - AutomationEngine - INFO - sys.path güncellendi: C:\Users\ibrahim çete\Desktop\mini b2b 2
2025-10-28 23:54:57,229 - AutomationEngine - INFO - Gerekli sınıflar main.py'den başarıyla import edildi.
2025-10-28 23:54:58,201 - main2 - INFO - PySide6 başarıyla yüklendi
2025-10-28 23:54:58,201 - main2 - INFO - WebEngine modülü yüklendi
2025-10-28 23:54:58,239 - main2 - INFO - Charts modülü yüklendi
2025-10-28 23:54:58,240 - main2 - INFO - OpenAI modülü yüklendi (yeni sürüm)
2025-10-28 23:54:58,240 - main2 - INFO - Requests modülü yüklendi
2025-10-28 23:57:56,399 - AutomationEngine - INFO - 🧠 Gelişmiş Self-Learning NLP Parser başlatıldı
2025-10-28 23:57:56,400 - AutomationEngine - INFO - NLPCommandParser (legacy wrapper) başlatıldı
2025-10-28 23:57:56,401 - AutomationEngine - INFO - 🧠 NLP komutu analiz ediliyor: 'Kayseri mobilya firmalarını bul'
2025-10-28 23:57:56,403 - AutomationEngine - INFO - ✅ Parse tamamlandı: firma_ara (Güven: 0.75)
2025-10-28 23:57:56,411 - AutomationEngine - INFO - ✅ Öğrenme verileri kaydedildi
2025-10-28 23:57:56,411 - AutomationEngine - INFO - 📚 Yeni pattern öğrenildi: 32f31b10...
2025-10-28 23:58:28,655 - AutomationEngine - INFO - ✅ Öğrenme verileri yüklendi: 1 pattern, 1 başarılı örnek
2025-10-28 23:58:28,656 - AutomationEngine - INFO - 🧠 Gelişmiş Self-Learning NLP Parser başlatıldı
2025-10-28 23:58:28,657 - AutomationEngine - INFO - NLPCommandParser (legacy wrapper) başlatıldı
2025-10-28 23:58:28,657 - AutomationEngine - INFO - 🧠 NLP komutu analiz ediliyor: 'Ankara yazılım firmalarını 30 adet bul ve vapi ile ara'
2025-10-28 23:58:28,659 - AutomationEngine - INFO - ✅ Parse tamamlandı: vapi_call (Güven: 0.95)
2025-10-28 23:58:28,660 - AutomationEngine - INFO - ✅ Öğrenme verileri kaydedildi
2025-10-28 23:58:28,661 - AutomationEngine - INFO - 📚 Yeni pattern öğrenildi: f84ccbb6...
2025-10-29 11:17:38,089 - AutomationEngine - INFO - sys.path güncellendi: C:\Users\ibrahim çete\Desktop\mini b2b 2
2025-10-29 11:17:42,682 - AutomationEngine - INFO - Gerekli sınıflar main.py'den başarıyla import edildi.
2025-10-29 11:17:42,683 - AutomationEngine - INFO - ✨ Gelişmiş AI NLP Parser yüklendi
2025-10-29 11:17:42,717 - main2 - INFO - PySide6 başarıyla yüklendi
2025-10-29 11:17:42,717 - main2 - INFO - WebEngine modülü yüklendi
2025-10-29 11:17:42,738 - main2 - INFO - Charts modülü yüklendi
2025-10-29 11:17:42,738 - main2 - INFO - OpenAI modülü yüklendi (yeni sürüm)
2025-10-29 11:17:42,738 - main2 - INFO - Requests modülü yüklendi
2025-10-29 11:17:45,922 - AutomationEngine - CRITICAL - Uygulama başlatılamadı: 'AutomationGUI' object has no attribute 'gpt_manager'
2025-10-29 11:20:14,238 - AutomationEngine - INFO - sys.path güncellendi: C:\Users\ibrahim çete\Desktop\mini b2b 2
2025-10-29 11:20:15,804 - AutomationEngine - INFO - Gerekli sınıflar main.py'den başarıyla import edildi.
2025-10-29 11:20:15,804 - AutomationEngine - INFO - ✨ Gelişmiş AI NLP Parser yüklendi
2025-10-29 11:20:15,811 - main2 - INFO - PySide6 başarıyla yüklendi
2025-10-29 11:20:15,811 - main2 - INFO - WebEngine modülü yüklendi
2025-10-29 11:20:15,815 - main2 - INFO - Charts modülü yüklendi
2025-10-29 11:20:15,815 - main2 - INFO - OpenAI modülü yüklendi (yeni sürüm)
2025-10-29 11:20:15,815 - main2 - INFO - Requests modülü yüklendi
2025-10-29 11:20:18,974 - comtypes.client._code_cache - INFO - Imported existing <module 'comtypes.gen' from 'C:\\Users\\ibrahim çete\\AppData\\Roaming\\Python\\Python313\\site-packages\\comtypes\\gen\\__init__.py'>
2025-10-29 11:20:18,975 - comtypes.client._code_cache - INFO - Using writeable comtypes cache directory: 'C:\Users\ibrahim çete\AppData\Roaming\Python\Python313\site-packages\comtypes\gen'
2025-10-29 11:20:25,545 - AutomationEngine - INFO - MonitoringErrorHandler başlatıldı.
2025-10-29 11:20:25,563 - database - INFO - Veritabanı bağlantısı başarılı (deneme 1)
2025-10-29 11:20:25,563 - database - INFO - Tablolar başarıyla oluşturuldu
2025-10-29 11:20:25,564 - database - INFO - Veritabanı migrasyonu tamamlandı
2025-10-29 11:20:25,578 - database - INFO - İndeksler başarıyla oluşturuldu
2025-10-29 11:20:25,579 - database - INFO - Database başlatıldı
2025-10-29 11:20:25,579 - AutomationEngine - INFO - TaskExecutor başarıyla başlatıldı ve manager'lar yüklendi.
2025-10-29 11:20:25,579 - AutomationEngine - INFO - Kaydedilmiş iş akışı durumu bulunamadı.
2025-10-29 11:20:25,579 - AutomationEngine - INFO - WorkflowOrchestrator başlatıldı.
2025-10-29 11:20:25,580 - AutomationEngine - INFO - ✅ Öğrenme verileri yüklendi: 2 pattern, 2 başarılı örnek
2025-10-29 11:20:25,580 - AutomationEngine - INFO - 🧠 Gelişmiş Self-Learning NLP Parser başlatıldı
2025-10-29 11:20:25,580 - AutomationEngine - INFO - NLPCommandParser (legacy wrapper) başlatıldı
2025-10-29 11:20:25,580 - AutomationEngine - INFO - AILearningOptimizer başlatıldı.
2025-10-29 11:20:25,583 - AutomationEngine - INFO - FEEDBACK: ✅ Otomasyon Motoru başarıyla başlatıldı.
2025-10-29 11:20:25,583 - AutomationEngine - INFO - FEEDBACK: ✅ Yarım kalmış iş akışı bulunamadı.
2025-10-29 11:22:43,961 - AutomationEngine - INFO - 🧠 NLP komutu analiz ediliyor: 'selam'
2025-10-29 11:22:43,963 - AutomationEngine - WARNING - ⚠️ Düşük güven skoru: 0.40
2025-10-29 11:22:43,963 - AutomationEngine - INFO - ✅ Parse tamamlandı: bilgi_sor (Güven: 0.40)
2025-10-29 11:22:43,964 - AutomationEngine - INFO - ✅ Öğrenme verileri kaydedildi
2025-10-29 11:22:43,965 - AutomationEngine - INFO - 📚 Yeni pattern öğrenildi: 9beec4cf...
2025-10-29 12:06:13,647 - AutomationEngine - INFO - sys.path güncellendi: C:\Users\ibrahim çete\Desktop\mini b2b 2
2025-10-29 12:06:16,175 - AutomationEngine - INFO - Gerekli sınıflar main.py'den başarıyla import edildi.
2025-10-29 12:06:16,176 - AutomationEngine - INFO - ✨ Gelişmiş AI NLP Parser yüklendi
2025-10-29 12:06:16,185 - main2 - INFO - PySide6 başarıyla yüklendi
2025-10-29 12:06:16,186 - main2 - INFO - WebEngine modülü yüklendi
2025-10-29 12:06:16,192 - main2 - INFO - Charts modülü yüklendi
2025-10-29 12:06:16,192 - main2 - INFO - OpenAI modülü yüklendi (yeni sürüm)
2025-10-29 12:06:16,192 - main2 - INFO - Requests modülü yüklendi
2025-10-29 12:06:19,481 - comtypes.client._code_cache - INFO - Imported existing <module 'comtypes.gen' from 'C:\\Users\\ibrahim çete\\AppData\\Roaming\\Python\\Python313\\site-packages\\comtypes\\gen\\__init__.py'>
2025-10-29 12:06:19,482 - comtypes.client._code_cache - INFO - Using writeable comtypes cache directory: 'C:\Users\ibrahim çete\AppData\Roaming\Python\Python313\site-packages\comtypes\gen'
2025-10-29 12:06:25,219 - AutomationEngine - INFO - MonitoringErrorHandler başlatıldı.
2025-10-29 12:06:25,233 - database - INFO - Veritabanı bağlantısı başarılı (deneme 1)
2025-10-29 12:06:25,233 - database - INFO - Tablolar başarıyla oluşturuldu
2025-10-29 12:06:25,233 - database - INFO - Veritabanı migrasyonu tamamlandı
2025-10-29 12:06:25,253 - database - INFO - İndeksler başarıyla oluşturuldu
2025-10-29 12:06:25,254 - database - INFO - Database başlatıldı
2025-10-29 12:06:25,254 - AutomationEngine - INFO - TaskExecutor başarıyla başlatıldı ve manager'lar yüklendi.
2025-10-29 12:06:25,255 - AutomationEngine - INFO - Kaydedilmiş iş akışı durumu bulunamadı.
2025-10-29 12:06:25,255 - AutomationEngine - INFO - WorkflowOrchestrator başlatıldı.
2025-10-29 12:06:25,256 - AutomationEngine - INFO - ✅ Öğrenme verileri yüklendi: 3 pattern, 3 başarılı örnek
2025-10-29 12:06:25,257 - AutomationEngine - INFO - 🧠 Gelişmiş Self-Learning NLP Parser başlatıldı
2025-10-29 12:06:25,257 - AutomationEngine - INFO - NLPCommandParser (legacy wrapper) başlatıldı
2025-10-29 12:06:25,258 - AutomationEngine - INFO - AILearningOptimizer başlatıldı.
2025-10-29 12:06:25,260 - AutomationEngine - INFO - FEEDBACK: ✅ Otomasyon Motoru başarıyla başlatıldı.
2025-10-29 12:06:25,261 - AutomationEngine - INFO - FEEDBACK: ✅ Yarım kalmış iş akışı bulunamadı.
2025-10-29 12:07:44,617 - AutomationEngine - INFO - 🧠 NLP komutu analiz ediliyor: 'selam'
2025-10-29 12:07:44,618 - AutomationEngine - WARNING - ⚠️ Düşük güven skoru: 0.40
2025-10-29 12:07:44,618 - AutomationEngine - INFO - ✅ Parse tamamlandı: bilgi_sor (Güven: 0.40)
2025-10-29 12:07:44,619 - AutomationEngine - INFO - ✅ Öğrenme verileri kaydedildi
2025-10-29 12:07:44,619 - AutomationEngine - INFO - 📚 Yeni pattern öğrenildi: 9beec4cf...
2025-10-29 12:11:33,316 - AutomationEngine - INFO - sys.path güncellendi: C:\Users\ibrahim çete\Desktop\mini b2b 2
2025-10-29 12:11:35,429 - AutomationEngine - INFO - Gerekli sınıflar main.py'den başarıyla import edildi.
2025-10-29 12:11:35,430 - AutomationEngine - INFO - ✨ Gelişmiş AI NLP Parser yüklendi
2025-10-29 12:11:35,439 - main2 - INFO - PySide6 başarıyla yüklendi
2025-10-29 12:11:35,439 - main2 - INFO - WebEngine modülü yüklendi
2025-10-29 12:11:35,447 - main2 - INFO - Charts modülü yüklendi
2025-10-29 12:11:35,448 - main2 - INFO - OpenAI modülü yüklendi (yeni sürüm)
2025-10-29 12:11:35,448 - main2 - INFO - Requests modülü yüklendi
2025-10-29 12:11:38,670 - comtypes.client._code_cache - INFO - Imported existing <module 'comtypes.gen' from 'C:\\Users\\ibrahim çete\\AppData\\Roaming\\Python\\Python313\\site-packages\\comtypes\\gen\\__init__.py'>
2025-10-29 12:11:38,670 - comtypes.client._code_cache - INFO - Using writeable comtypes cache directory: 'C:\Users\ibrahim çete\AppData\Roaming\Python\Python313\site-packages\comtypes\gen'
2025-10-29 12:11:43,909 - AutomationEngine - INFO - MonitoringErrorHandler başlatıldı.
2025-10-29 12:11:43,927 - database - INFO - Veritabanı bağlantısı başarılı (deneme 1)
2025-10-29 12:11:43,927 - database - INFO - Tablolar başarıyla oluşturuldu
2025-10-29 12:11:43,928 - database - INFO - Veritabanı migrasyonu tamamlandı
2025-10-29 12:11:43,939 - database - INFO - İndeksler başarıyla oluşturuldu
2025-10-29 12:11:43,940 - database - INFO - Database başlatıldı
2025-10-29 12:11:43,940 - AutomationEngine - INFO - TaskExecutor başarıyla başlatıldı ve manager'lar yüklendi.
2025-10-29 12:11:43,940 - AutomationEngine - INFO - Kaydedilmiş iş akışı durumu bulunamadı.
2025-10-29 12:11:43,940 - AutomationEngine - INFO - WorkflowOrchestrator başlatıldı.
2025-10-29 12:11:43,941 - AutomationEngine - INFO - ✅ Öğrenme verileri yüklendi: 3 pattern, 4 başarılı örnek
2025-10-29 12:11:43,941 - AutomationEngine - INFO - 🧠 Gelişmiş Self-Learning NLP Parser başlatıldı
2025-10-29 12:11:43,941 - AutomationEngine - INFO - NLPCommandParser (legacy wrapper) başlatıldı
2025-10-29 12:11:43,941 - AutomationEngine - INFO - AILearningOptimizer başlatıldı.
2025-10-29 12:11:43,943 - AutomationEngine - INFO - FEEDBACK: ✅ Otomasyon Motoru başarıyla başlatıldı.
2025-10-29 12:11:43,943 - AutomationEngine - INFO - FEEDBACK: ✅ Yarım kalmış iş akışı bulunamadı.
2025-10-29 12:20:09,772 - AutomationEngine - INFO - sys.path güncellendi: C:\Users\ibrahim çete\Desktop\mini b2b 2
2025-10-29 12:20:13,766 - AutomationEngine - INFO - Gerekli sınıflar main.py'den başarıyla import edildi.
2025-10-29 12:20:13,767 - AutomationEngine - INFO - ✨ Gelişmiş AI NLP Parser yüklendi
2025-10-29 12:20:13,778 - main2 - INFO - PySide6 başarıyla yüklendi
2025-10-29 12:20:13,779 - main2 - INFO - WebEngine modülü yüklendi
2025-10-29 12:20:13,785 - main2 - INFO - Charts modülü yüklendi
2025-10-29 12:20:13,786 - main2 - INFO - OpenAI modülü yüklendi (yeni sürüm)
2025-10-29 12:20:13,786 - main2 - INFO - Requests modülü yüklendi
2025-10-29 12:20:17,119 - comtypes.client._code_cache - INFO - Imported existing <module 'comtypes.gen' from 'C:\\Users\\ibrahim çete\\AppData\\Roaming\\Python\\Python313\\site-packages\\comtypes\\gen\\__init__.py'>
2025-10-29 12:20:17,119 - comtypes.client._code_cache - INFO - Using writeable comtypes cache directory: 'C:\Users\ibrahim çete\AppData\Roaming\Python\Python313\site-packages\comtypes\gen'
2025-10-29 12:20:23,341 - AutomationEngine - INFO - MonitoringErrorHandler başlatıldı.
2025-10-29 12:20:23,361 - database - INFO - Veritabanı bağlantısı başarılı (deneme 1)
2025-10-29 12:20:23,361 - database - INFO - Tablolar başarıyla oluşturuldu
2025-10-29 12:20:23,362 - database - INFO - Veritabanı migrasyonu tamamlandı
2025-10-29 12:20:23,372 - database - INFO - İndeksler başarıyla oluşturuldu
2025-10-29 12:20:23,373 - database - INFO - Database başlatıldı
2025-10-29 12:20:23,373 - AutomationEngine - INFO - TaskExecutor başarıyla başlatıldı ve manager'lar yüklendi.
2025-10-29 12:20:23,373 - AutomationEngine - INFO - Kaydedilmiş iş akışı durumu bulunamadı.
2025-10-29 12:20:23,373 - AutomationEngine - INFO - WorkflowOrchestrator başlatıldı.
2025-10-29 12:20:23,376 - AutomationEngine - INFO - ✅ Öğrenme verileri yüklendi: 3 pattern, 4 başarılı örnek
2025-10-29 12:20:23,376 - AutomationEngine - INFO - 🧠 Gelişmiş Self-Learning NLP Parser başlatıldı
2025-10-29 12:20:23,376 - AutomationEngine - INFO - NLPCommandParser (legacy wrapper) başlatıldı
2025-10-29 12:20:23,377 - AutomationEngine - INFO - AILearningOptimizer başlatıldı.
2025-10-29 12:20:23,380 - AutomationEngine - INFO - FEEDBACK: ✅ Otomasyon Motoru başarıyla başlatıldı.
2025-10-29 12:20:23,381 - AutomationEngine - INFO - FEEDBACK: ✅ Yarım kalmış iş akışı bulunamadı.
2025-10-29 12:24:27,817 - AutomationEngine - INFO - 🧠 NLP komutu analiz ediliyor: 'selam nasılsın'
2025-10-29 12:24:27,819 - AutomationEngine - WARNING - ⚠️ Düşük güven skoru: 0.40
2025-10-29 12:24:27,819 - AutomationEngine - INFO - ✅ Parse tamamlandı: bilgi_sor (Güven: 0.40)
2025-10-29 12:24:27,820 - AutomationEngine - INFO - ✅ Öğrenme verileri kaydedildi
2025-10-29 12:24:27,820 - AutomationEngine - INFO - 📚 Yeni pattern öğrenildi: 140b97e2...
2025-10-29 12:24:29,554 - httpx - INFO - HTTP Request: POST https://api.openai.com/v1/chat/completions "HTTP/1.1 200 OK"
2025-10-29 12:24:40,164 - AutomationEngine - INFO - 🧠 NLP komutu analiz ediliyor: 'neler yapabilirsin'
2025-10-29 12:24:40,164 - AutomationEngine - INFO - ✅ Parse tamamlandı: bilgi_sor (Güven: 0.60)
2025-10-29 12:24:40,166 - AutomationEngine - INFO - ✅ Öğrenme verileri kaydedildi
2025-10-29 12:24:40,166 - AutomationEngine - INFO - 📚 Yeni pattern öğrenildi: a491720f...
2025-10-29 12:24:42,285 - httpx - INFO - HTTP Request: POST https://api.openai.com/v1/chat/completions "HTTP/1.1 200 OK"
2025-10-29 12:25:12,553 - AutomationEngine - INFO - NLP geri bildirimi eklendi: Komut='CHAT_FEEDBACK | reply=Benimle işle ilgili sorular sorabilir, bilgi alabilir, randevu ayarlayabilir, dosya paylaşabilir veya herhangi bir konud', Doğru mu=True
2025-10-29 12:32:07,721 - AutomationEngine - INFO - sys.path güncellendi: C:\Users\ibrahim çete\Desktop\mini b2b 2
2025-10-29 12:32:09,941 - AutomationEngine - INFO - Gerekli sınıflar main.py'den başarıyla import edildi.
2025-10-29 12:32:09,943 - AutomationEngine - INFO - ✨ Gelişmiş AI NLP Parser yüklendi
2025-10-29 12:32:09,952 - main2 - INFO - PySide6 başarıyla yüklendi
2025-10-29 12:32:09,952 - main2 - INFO - WebEngine modülü yüklendi
2025-10-29 12:32:09,959 - main2 - INFO - Charts modülü yüklendi
2025-10-29 12:32:09,960 - main2 - INFO - OpenAI modülü yüklendi (yeni sürüm)
2025-10-29 12:32:09,960 - main2 - INFO - Requests modülü yüklendi
2025-10-29 12:32:13,053 - comtypes.client._code_cache - INFO - Imported existing <module 'comtypes.gen' from 'C:\\Users\\ibrahim çete\\AppData\\Roaming\\Python\\Python313\\site-packages\\comtypes\\gen\\__init__.py'>
2025-10-29 12:32:13,053 - comtypes.client._code_cache - INFO - Using writeable comtypes cache directory: 'C:\Users\ibrahim çete\AppData\Roaming\Python\Python313\site-packages\comtypes\gen'
2025-10-29 12:32:18,042 - AutomationEngine - INFO - MonitoringErrorHandler başlatıldı.
2025-10-29 12:32:18,045 - database - INFO - Veritabanı bağlantısı başarılı (deneme 1)
2025-10-29 12:32:18,045 - database - INFO - Tablolar başarıyla oluşturuldu
2025-10-29 12:32:18,045 - database - INFO - Veritabanı migrasyonu tamamlandı
2025-10-29 12:32:18,056 - database - INFO - İndeksler başarıyla oluşturuldu
2025-10-29 12:32:18,057 - database - INFO - Database başlatıldı
2025-10-29 12:32:18,057 - AutomationEngine - INFO - TaskExecutor başarıyla başlatıldı ve manager'lar yüklendi.
2025-10-29 12:32:18,057 - AutomationEngine - INFO - Kaydedilmiş iş akışı durumu bulunamadı.
2025-10-29 12:32:18,057 - AutomationEngine - INFO - WorkflowOrchestrator başlatıldı.
2025-10-29 12:32:18,058 - AutomationEngine - INFO - ✅ Öğrenme verileri yüklendi: 5 pattern, 6 başarılı örnek
2025-10-29 12:32:18,058 - AutomationEngine - INFO - 🧠 Gelişmiş Self-Learning NLP Parser başlatıldı
2025-10-29 12:32:18,059 - AutomationEngine - INFO - NLPCommandParser (legacy wrapper) başlatıldı
2025-10-29 12:32:18,059 - AutomationEngine - INFO - AILearningOptimizer başlatıldı.
2025-10-29 12:32:18,060 - AutomationEngine - INFO - FEEDBACK: ✅ Otomasyon Motoru başarıyla başlatıldı.
2025-10-29 12:32:18,060 - AutomationEngine - INFO - FEEDBACK: ✅ Yarım kalmış iş akışı bulunamadı.
2025-10-29 13:33:32,025 - AutomationEngine - INFO - sys.path güncellendi: C:\Users\ibrahim çete\Desktop\mini b2b 2
2025-10-29 13:33:35,018 - AutomationEngine - INFO - Gerekli sınıflar main.py'den başarıyla import edildi.
2025-10-29 13:33:35,020 - AutomationEngine - INFO - ✨ Gelişmiş AI NLP Parser yüklendi
2025-10-29 13:33:35,033 - main2 - INFO - PySide6 başarıyla yüklendi
2025-10-29 13:33:35,033 - main2 - INFO - WebEngine modülü yüklendi
2025-10-29 13:33:35,040 - main2 - INFO - Charts modülü yüklendi
2025-10-29 13:33:35,040 - main2 - INFO - OpenAI modülü yüklendi (yeni sürüm)
2025-10-29 13:33:35,041 - main2 - INFO - Requests modülü yüklendi
2025-10-29 13:33:38,295 - comtypes.client._code_cache - INFO - Imported existing <module 'comtypes.gen' from 'C:\\Users\\ibrahim çete\\AppData\\Roaming\\Python\\Python313\\site-packages\\comtypes\\gen\\__init__.py'>
2025-10-29 13:33:38,296 - comtypes.client._code_cache - INFO - Using writeable comtypes cache directory: 'C:\Users\ibrahim çete\AppData\Roaming\Python\Python313\site-packages\comtypes\gen'
2025-10-29 13:33:44,013 - AutomationEngine - INFO - MonitoringErrorHandler başlatıldı.
2025-10-29 13:33:44,041 - database - INFO - Veritabanı bağlantısı başarılı (deneme 1)
2025-10-29 13:33:44,042 - database - INFO - Tablolar başarıyla oluşturuldu
2025-10-29 13:33:44,042 - database - INFO - Veritabanı migrasyonu tamamlandı
2025-10-29 13:33:44,051 - database - INFO - İndeksler başarıyla oluşturuldu
2025-10-29 13:33:44,052 - database - INFO - Database başlatıldı
2025-10-29 13:33:44,052 - AutomationEngine - INFO - TaskExecutor başarıyla başlatıldı ve manager'lar yüklendi.
2025-10-29 13:33:44,052 - AutomationEngine - INFO - Kaydedilmiş iş akışı durumu bulunamadı.
2025-10-29 13:33:44,053 - AutomationEngine - INFO - WorkflowOrchestrator başlatıldı.
2025-10-29 13:33:44,054 - AutomationEngine - INFO - ✅ Öğrenme verileri yüklendi: 5 pattern, 6 başarılı örnek
2025-10-29 13:33:44,054 - AutomationEngine - INFO - 🧠 Gelişmiş Self-Learning NLP Parser başlatıldı
2025-10-29 13:33:44,054 - AutomationEngine - INFO - NLPCommandParser (legacy wrapper) başlatıldı
2025-10-29 13:33:44,055 - AutomationEngine - INFO - AILearningOptimizer başlatıldı.
2025-10-29 13:33:44,057 - AutomationEngine - INFO - FEEDBACK: ✅ Otomasyon Motoru başarıyla başlatıldı.
2025-10-29 13:33:44,057 - AutomationEngine - INFO - FEEDBACK: ✅ Yarım kalmış iş akışı bulunamadı.
2025-10-29 13:33:44,058 - database - INFO - Veritabanı bağlantısı başarılı (deneme 1)
2025-10-29 13:33:44,059 - database - INFO - Tablolar başarıyla oluşturuldu
2025-10-29 13:33:44,059 - database - INFO - Veritabanı migrasyonu tamamlandı
2025-10-29 13:33:44,060 - database - INFO - İndeksler başarıyla oluşturuldu
2025-10-29 13:33:44,060 - database - INFO - Database başlatıldı
2025-10-29 13:33:44,073 - tracking_database - INFO - ✅ Tracking tabloları oluşturuldu
2025-10-29 13:33:44,073 - tracking_database - INFO - ✅ Indexler oluşturuldu
2025-10-29 13:33:44,073 - tracking_database - INFO - 📊 Tracking Database başlatıldı: tracking.db
2025-10-29 13:33:44,074 - tracking_analytics - INFO - 📊 Tracking Analytics başlatıldı
2025-10-29 13:33:44,074 - tracking_gui_integration - INFO - ✅ Tracking Analytics başlatıldı
2025-10-29 13:33:44,082 - tracking_database - INFO - ✅ Tracking tabloları oluşturuldu
2025-10-29 13:33:44,083 - tracking_database - INFO - ✅ Indexler oluşturuldu
2025-10-29 13:33:44,083 - tracking_database - INFO - 📊 Tracking Database başlatıldı: tracking.db
2025-10-29 13:33:44,083 - tracking_gui_integration - INFO - ✅ Tracking Database başlatıldı
2025-10-29 13:33:44,083 - tracking_gui_integration - INFO - Tracking server URL: https://web-production-24136.up.railway.app
2025-10-29 13:33:52,584 - database - INFO - Veritabanı bağlantısı başarılı (deneme 1)
2025-10-29 13:33:52,585 - database - INFO - Tablolar başarıyla oluşturuldu
2025-10-29 13:33:52,585 - database - INFO - Veritabanı migrasyonu tamamlandı
2025-10-29 13:33:52,587 - database - INFO - İndeksler başarıyla oluşturuldu
2025-10-29 13:33:52,588 - database - INFO - Database başlatıldı
2025-10-29 13:41:12,352 - AutomationEngine - INFO - FEEDBACK: 🛑 Motor durduruluyor...
2025-10-29 13:41:12,356 - AutomationEngine - INFO - FEEDBACK: 👋 Motor durduruldu.
2025-10-29 13:41:12,356 - AutomationEngine - INFO - Otomasyon Motoru durduruldu.
2025-10-29 13:45:32,016 - AutomationEngine - INFO - sys.path güncellendi: C:\Users\ibrahim çete\Desktop\mini b2b 2
2025-10-29 13:45:34,753 - AutomationEngine - INFO - Gerekli sınıflar main.py'den başarıyla import edildi.
2025-10-29 13:45:34,755 - AutomationEngine - INFO - ✨ Gelişmiş AI NLP Parser yüklendi
2025-10-29 13:45:34,774 - main2 - INFO - PySide6 başarıyla yüklendi
2025-10-29 13:45:34,774 - main2 - INFO - WebEngine modülü yüklendi
2025-10-29 13:45:34,783 - main2 - INFO - Charts modülü yüklendi
2025-10-29 13:45:34,784 - main2 - INFO - OpenAI modülü yüklendi (yeni sürüm)
2025-10-29 13:45:34,784 - main2 - INFO - Requests modülü yüklendi
2025-10-29 13:45:37,672 - AutomationEngine - CRITICAL - Uygulama başlatılamadı: 'AutomationGUI' object has no attribute 'voice_tts_enabled'
2025-10-29 13:48:52,410 - AutomationEngine - INFO - sys.path güncellendi: C:\Users\ibrahim çete\Desktop\mini b2b 2
2025-10-29 13:48:54,070 - AutomationEngine - INFO - Gerekli sınıflar main.py'den başarıyla import edildi.
2025-10-29 13:48:54,071 - AutomationEngine - INFO - ✨ Gelişmiş AI NLP Parser yüklendi
2025-10-29 13:48:54,082 - main2 - INFO - PySide6 başarıyla yüklendi
2025-10-29 13:48:54,082 - main2 - INFO - WebEngine modülü yüklendi
2025-10-29 13:48:54,087 - main2 - INFO - Charts modülü yüklendi
2025-10-29 13:48:54,087 - main2 - INFO - OpenAI modülü yüklendi (yeni sürüm)
2025-10-29 13:48:54,087 - main2 - INFO - Requests modülü yüklendi
2025-10-29 13:48:57,168 - comtypes.client._code_cache - INFO - Imported existing <module 'comtypes.gen' from 'C:\\Users\\ibrahim çete\\AppData\\Roaming\\Python\\Python313\\site-packages\\comtypes\\gen\\__init__.py'>
2025-10-29 13:48:57,169 - comtypes.client._code_cache - INFO - Using writeable comtypes cache directory: 'C:\Users\ibrahim çete\AppData\Roaming\Python\Python313\site-packages\comtypes\gen'
2025-10-29 13:49:03,357 - AutomationEngine - INFO - MonitoringErrorHandler başlatıldı.
2025-10-29 13:49:03,382 - database - INFO - Veritabanı bağlantısı başarılı (deneme 1)
2025-10-29 13:49:03,383 - database - INFO - Tablolar başarıyla oluşturuldu
2025-10-29 13:49:03,383 - database - INFO - Veritabanı migrasyonu tamamlandı
2025-10-29 13:49:03,384 - database - INFO - İndeksler başarıyla oluşturuldu
2025-10-29 13:49:03,384 - database - INFO - Database başlatıldı
2025-10-29 13:49:03,384 - AutomationEngine - INFO - TaskExecutor başarıyla başlatıldı ve manager'lar yüklendi.
2025-10-29 13:49:03,385 - AutomationEngine - INFO - Kaydedilmiş iş akışı durumu bulunamadı.
2025-10-29 13:49:03,385 - AutomationEngine - INFO - WorkflowOrchestrator başlatıldı.
2025-10-29 13:49:03,386 - AutomationEngine - INFO - ✅ Öğrenme verileri yüklendi: 5 pattern, 6 başarılı örnek
2025-10-29 13:49:03,386 - AutomationEngine - INFO - 🧠 Gelişmiş Self-Learning NLP Parser başlatıldı
2025-10-29 13:49:03,386 - AutomationEngine - INFO - NLPCommandParser (legacy wrapper) başlatıldı
2025-10-29 13:49:03,386 - AutomationEngine - INFO - AILearningOptimizer başlatıldı.
2025-10-29 13:49:03,388 - AutomationEngine - INFO - FEEDBACK: ✅ Otomasyon Motoru başarıyla başlatıldı.
2025-10-29 13:49:03,389 - AutomationEngine - INFO - FEEDBACK: ✅ Yarım kalmış iş akışı bulunamadı.
2025-10-29 13:49:03,389 - database - INFO - Veritabanı bağlantısı başarılı (deneme 1)
2025-10-29 13:49:03,390 - database - INFO - Tablolar başarıyla oluşturuldu
2025-10-29 13:49:03,390 - database - INFO - Veritabanı migrasyonu tamamlandı
2025-10-29 13:49:03,391 - database - INFO - İndeksler başarıyla oluşturuldu
2025-10-29 13:49:03,391 - database - INFO - Database başlatıldı
2025-10-29 13:49:03,407 - tracking_database - INFO - ✅ Tracking tabloları oluşturuldu
2025-10-29 13:49:03,407 - tracking_database - INFO - ✅ Indexler oluşturuldu
2025-10-29 13:49:03,407 - tracking_database - INFO - 📊 Tracking Database başlatıldı: tracking.db
2025-10-29 13:49:03,407 - tracking_analytics - INFO - 📊 Tracking Analytics başlatıldı
2025-10-29 13:49:03,407 - tracking_gui_integration - INFO - ✅ Tracking Analytics başlatıldı
2025-10-29 13:49:03,408 - tracking_database - INFO - ✅ Tracking tabloları oluşturuldu
2025-10-29 13:49:03,409 - tracking_database - INFO - ✅ Indexler oluşturuldu
2025-10-29 13:49:03,409 - tracking_database - INFO - 📊 Tracking Database başlatıldı: tracking.db
2025-10-29 13:49:03,409 - tracking_gui_integration - INFO - ✅ Tracking Database başlatıldı
2025-10-29 13:49:03,409 - tracking_gui_integration - INFO - Tracking server URL: https://web-production-24136.up.railway.app
2025-10-29 13:50:35,144 - AutomationEngine - INFO - 🧠 NLP komutu analiz ediliyor: 'bana Kayseri'deki mobilyacıları bul'
2025-10-29 13:50:35,145 - AutomationEngine - INFO - ✅ Parse tamamlandı: firma_ara (Güven: 0.75)
2025-10-29 13:50:35,146 - AutomationEngine - INFO - ✅ Öğrenme verileri kaydedildi
2025-10-29 13:50:35,146 - AutomationEngine - INFO - 📚 Yeni pattern öğrenildi: 392aa975...
2025-10-29 13:50:35,147 - AutomationEngine - INFO - Yeni iş akışı başlatılıyor: workflow_1761735035
2025-10-29 13:50:35,147 - AutomationEngine - INFO - İş akışı durumu kaydedildi: workflow_state.json
2025-10-29 13:50:35,150 - AutomationEngine - INFO - NLP geri bildirimi eklendi: Komut='bana Kayseri'deki mobilyacıları bul', Doğru mu=True
2025-10-29 13:50:35,151 - AutomationEngine - INFO - Google Maps araması başlatılıyor: Sorgu='mobilya firması', Konum='Kayseri', Max=50
2025-10-29 13:50:35,151 - AutomationEngine - INFO - 218 mevcut place_id bulundu.
2025-10-29 13:50:35,153 - AutomationEngine - INFO - NLP geri bildirimi eklendi: Komut='bana Kayseri'deki mobilyacıları bul', Doğru mu=True
2025-10-29 13:50:36,166 - api_manager - INFO - Duplicate company skipped: İnegöl Mobilya Kayseri, Teleteknik Home (place_id: ChIJa7GSkZcRKxURdZJCVvSFgsA)
2025-10-29 13:50:36,169 - api_manager - INFO - Duplicate company skipped: Vinda Mobilya | Kayseri Mobilya Mağazası (place_id: ChIJVwrtLaoPKxUR0PWq1HOVt6c)
2025-10-29 13:50:36,172 - api_manager - INFO - Duplicate company skipped: LADİN MOBİLYA /KAYSERİ (place_id: ChIJ0YCYjBkTKxURc7XqYwSYzQ8)
2025-10-29 13:50:36,175 - api_manager - INFO - Duplicate company skipped: H.A ConCept inegöl Mobilyası (place_id: ChIJgVv0BAQRKxURhiwosNg9zb4)
2025-10-29 13:50:36,179 - api_manager - INFO - Duplicate company skipped: Elif Mobilya Fabrika Satış Mağazası (place_id: ChIJE19qX-YPKxURVOQDt_zNi_8)
2025-10-29 13:50:36,179 - api_manager - INFO - Duplicate company skipped: Nessihome Mobilya Kayseri (place_id: ChIJxdOvLfkRKxUR_1Vx6X-Jqx8)
2025-10-29 13:50:36,179 - api_manager - INFO - Duplicate company skipped: Lava Concept - Kayseri İnegöl Mobilya (place_id: ChIJG3ekzk4TKxURpL_yNvBPuKE)
2025-10-29 13:50:36,179 - api_manager - INFO - Duplicate company skipped: Alperen Mobilya | Kayseri Mobilya İmalat Firması | Kayseri Toptan Mobilya ve Koltuk Takımı (place_id: ChIJ9WxG6gARKxURQUGCU4XLTV4)
2025-10-29 13:50:36,187 - api_manager - INFO - Duplicate company skipped: Titanic Möble - İnegöl Mobilyası - Kayseri Mobilya (place_id: ChIJTfI7powFKxURqcFtZQ4W3aM)
2025-10-29 13:50:36,192 - api_manager - INFO - Duplicate company skipped: Baykan Mobilya (place_id: ChIJKU6JWvkRKxURgcGmzmb7eOs)
2025-10-29 13:50:36,197 - api_manager - INFO - Duplicate company skipped: Ela Mobilya & Dekorasyon Mobilya İnovasyon İnşaat Oto Alım-Satım İthalat İhracat Sanayi ve Ticaret Ltd. Şti. (place_id: ChIJOx90mRUTKxUR_PlQCFdiWZA)
2025-10-29 13:50:36,206 - api_manager - INFO - Duplicate company skipped: Evonza Home Koltuk Takımı ve Mobilya İmalatı Satışı (place_id: ChIJ0Yevy0QTKxURlgdmGlC1p44)
2025-10-29 13:50:36,216 - api_manager - INFO - Duplicate company skipped: Zamantı Home Concept , İnegöl Mobilya (place_id: ChIJ_d0M-j0TKxURkWbxa29vSuw)
2025-10-29 13:50:36,216 - api_manager - INFO - Duplicate company skipped: GAMBU CONCEPT MASA-SANDALYE-DRESUAR-BAHÇE MOBİLYASI (place_id: ChIJQfGC8vsRKxURCpcV7vB9LPY)
2025-10-29 13:50:36,221 - api_manager - INFO - Duplicate company skipped: Aksu Mobilya (place_id: ChIJ6wh-fmsFKxURImxYmFR_VUI)
2025-10-29 13:50:36,228 - api_manager - INFO - Duplicate company skipped: Ezgi Modüler Mobilya (place_id: ChIJ6WZF5TMFKxUR5Yd_OMudK_8)
2025-10-29 13:50:36,237 - api_manager - INFO - Duplicate company skipped: Gülen Mobilya Kayseri (place_id: ChIJmxmhaY0RKxURn6Ldt9EsCFQ)
2025-10-29 13:50:36,246 - api_manager - INFO - Duplicate company skipped: Enkare Home (place_id: ChIJUUe7ox8RKxUREKDkkA7IK0E)
2025-10-29 13:50:36,247 - api_manager - INFO - Duplicate company skipped: Ellda Mobilya (place_id: ChIJl_Bn85gRKxURorgOhbeIS58)
2025-10-29 13:50:36,260 - api_manager - INFO - Duplicate company skipped: Kayseri Mutfak Dolabı, Kayseri Vestiyer, Kayseri Banyo Dolabı - Seon Mobilya (place_id: ChIJM7gcAhwSKxUReCP9H2l2Co0)
2025-10-29 13:50:39,312 - api_manager - INFO - Duplicate company skipped: Fierro Mobilya, Kayseri Mobilya, Kayseri Mobilya Mağazası (place_id: ChIJPyvmmvsRKxUR_it7LR0jePY)
2025-10-29 13:50:39,319 - api_manager - INFO - Duplicate company skipped: Mf Pierre Loti Home Collection (place_id: ChIJp4Zoy_4RKxURlGy6RXJbvGU)
2025-10-29 13:50:39,321 - api_manager - INFO - Duplicate company skipped: Zeence Kayseri Mağaza (place_id: ChIJHaTpFZETKxURlFjaFD9JfI4)
2025-10-29 13:50:39,326 - api_manager - INFO - Duplicate company skipped: h-concept Mobilya Kayseri (place_id: ChIJ2XCJhh0SKxURTqez257Gzqo)
2025-10-29 13:50:39,337 - api_manager - INFO - Duplicate company skipped: Elitra Mobilya - fabrika (place_id: ChIJHarsLPgRKxUR0ZUvZpGLrzc)
2025-10-29 13:50:39,340 - api_manager - INFO - Duplicate company skipped: Kalem Concept Mobilya (place_id: ChIJoVLqPPARKxUREtQ1ZU9hlZA)
2025-10-29 13:50:39,340 - api_manager - INFO - Duplicate company skipped: Daisy Mobilya (place_id: ChIJPaU53gUSKxURfL6vFWXsAyU)
2025-10-29 13:50:39,340 - api_manager - INFO - Duplicate company skipped: Solayhome (place_id: ChIJQ9zGy10RKxURyxoUPqBSnhU)
2025-10-29 13:50:39,354 - api_manager - INFO - Duplicate company skipped: Nil Mobilya San. Ve Tic. A.Ş. (place_id: ChIJlz9yG-IRKxURI8pzCMwH9DU)
2025-10-29 13:50:39,368 - api_manager - INFO - Duplicate company skipped: Elif Mobilya (place_id: ChIJ79UdCnEFKxUR_mJ-XPSk8DE)
2025-10-29 13:50:39,369 - api_manager - INFO - Duplicate company skipped: Lükssan Mobilya (place_id: ChIJe48b6Q8FKxURf5umYq9bUX4)
2025-10-29 13:50:39,376 - api_manager - INFO - Duplicate company skipped: Dizza Home Eski Sanayi Mağaza (place_id: ChIJmSwubNoRKxUR-O-sfGhMQSA)
2025-10-29 13:50:39,376 - api_manager - INFO - Duplicate company skipped: Kayseri Ünal Koltuk kanepe imalatı (place_id: ChIJeb24yfYZKxURSoYXYV3FGFs)
2025-10-29 13:50:39,376 - api_manager - INFO - Duplicate company skipped: Koltuk Takımı (place_id: ChIJCTw9JDIRKxURoG-wIjRTJnk)
2025-10-29 13:50:39,377 - api_manager - INFO - Duplicate company skipped: LORA MOBİLYA (place_id: ChIJHVIv1gkFKxURiHAut5wcT3A)
2025-10-29 13:50:39,385 - api_manager - INFO - Duplicate company skipped: Kayseri Mutfak Dolabı, Vestiyer, Ray Dolap, Banyo Dolabı, laminant parke, iç oda kapısı Güner Mobilya (place_id: ChIJmUh2TPgRKxURZ25QBikLW3A)
2025-10-29 13:50:39,392 - api_manager - INFO - Duplicate company skipped: Elizan Mobilya (place_id: ChIJdwHpekoFKxURS2cgOroaaJ8)
2025-10-29 13:50:39,401 - api_manager - INFO - Duplicate company skipped: Maximo Mobilya Showroom (place_id: ChIJ5aIXEPwRKxURQeD2xcPNgKg)
2025-10-29 13:50:39,408 - api_manager - INFO - Duplicate company skipped: Kayseri Mobilyacılar Sitesi (place_id: ChIJH0Xh0_gQKxURW68BgAqdHLA)
2025-10-29 13:50:39,424 - api_manager - INFO - Duplicate company skipped: Diamond Mobilya Kayseri (place_id: ChIJoyflXdkRKxURvimzdPCWOL0)
2025-10-29 13:50:42,535 - api_manager - INFO - Duplicate company skipped: LUZZO HOME (place_id: ChIJMTncXeMSKxURN1FlOZMbiY8)
2025-10-29 13:50:42,548 - api_manager - INFO - Duplicate company skipped: Serteks Mobilya (place_id: ChIJpcO3CvwRKxURrSOTd52gUhs)
2025-10-29 13:50:42,549 - api_manager - INFO - Duplicate company skipped: Vivense Kayseri Melikgazi Showroom (place_id: ChIJBVdss_kSKxURb7ozIPWcKak)
2025-10-29 13:50:42,558 - api_manager - INFO - Duplicate company skipped: Gülsoy Home Center (place_id: ChIJS2hY1h0SKxURjTuqkxVP_i8)
2025-10-29 13:50:42,563 - api_manager - INFO - Duplicate company skipped: Gökdemir Mobilya KAYSERİ (place_id: ChIJ5-v9mYATKxUR6nCP9-rPHUI)
2025-10-29 13:50:42,568 - api_manager - INFO - Duplicate company skipped: Doğtaş Kayseri Forum AVM (place_id: ChIJN8BKBVETKxURg8ZelFBLw_s)
2025-10-29 13:50:42,578 - api_manager - INFO - Duplicate company skipped: Kelebek Mobilya Kayseri (place_id: ChIJ57oHpqATKxURfDGN8YH2cH0)
2025-10-29 13:50:42,579 - api_manager - INFO - Duplicate company skipped: KAYSERİ YILWER OFİS MOBİLYALARI (place_id: ChIJgWIV04oTKxURPeGg6qjqMwg)
2025-10-29 13:50:42,588 - api_manager - INFO - Duplicate company skipped: İstikbal Nadir Ev Concept (place_id: ChIJ2b1l2SEOKxURGJ9-kjTuArs)
2025-10-29 13:50:42,595 - api_manager - INFO - Duplicate company skipped: KRAL DÖŞEME - Kayseri Koltuk Takımı Kanepe Mobilya İmalatı ve Tamiri (place_id: ChIJAdX7fjsOKxURw0hHmUwl5Bw)
2025-10-29 13:50:42,599 - api_manager - INFO - Duplicate company skipped: Meskay Mobilya (place_id: ChIJTw1egs0NKxURJl63hcdxghU)
2025-10-29 13:50:42,599 - api_manager - INFO - Duplicate company skipped: İMRALLAR MOBİLYA (place_id: ChIJjedJoK0TKxURL8LGGQtsUmM)
2025-10-29 13:50:42,621 - api_manager - INFO - Duplicate company skipped: HaZaL MoBiLyA (place_id: ChIJJ2XBJMoRKxURFrl-3ynnbAw)
2025-10-29 13:50:42,626 - api_manager - INFO - Duplicate company skipped: İstikbal Mizan Mobilya (place_id: ChIJXSj6t_4RKxURyTV_aHLajbo)
2025-10-29 13:50:43,111 - api_manager - WARNING - Firma detayı alınamadı: 'list' object has no attribute 'add'
2025-10-29 13:50:43,112 - api_manager - INFO - Duplicate company skipped: Venüs Mobilya (place_id: ChIJq0VZmfkRKxUReCMZzg_SBCU)
2025-10-29 13:50:43,121 - api_manager - INFO - Duplicate company skipped: RUBY MOBİLYA (place_id: ChIJE-RIjHUPKxURRxa7lMMpj5w)
2025-10-29 13:50:43,125 - api_manager - INFO - Duplicate company skipped: Aygül Metal Kayseri Bahçe Mobilyaları (place_id: ChIJLUzb6WYRKxURtPJlwE51bdQ)
2025-10-29 13:50:43,726 - api_manager - WARNING - Firma detayı alınamadı: 'list' object has no attribute 'add'
2025-10-29 13:50:43,727 - api_manager - INFO - Duplicate company skipped: Hensan Merkez Bellona (place_id: ChIJxcjluf4RKxUR1-HObH3RdSk)
2025-10-29 13:50:43,727 - api_manager - INFO - Google Maps search completed: 2 new firms, 58 duplicates skipped
2025-10-29 13:50:43,757 - AutomationEngine - INFO - Arama tamamlandı. 2 yeni firma bulundu.
2025-10-29 13:50:43,758 - AutomationEngine - INFO - 2 firma veritabanına kaydediliyor...
2025-10-29 13:50:43,782 - AutomationEngine - INFO - 2 firma başarıyla kaydedildi.
2025-10-29 13:50:43,782 - AutomationEngine - INFO - Arama adımı tamamlandı. 2 firma bulundu.
2025-10-29 13:50:43,796 - AutomationEngine - INFO - İş akışı durumu kaydedildi: workflow_state.json
2025-10-29 13:50:43,796 - AutomationEngine - INFO - 2 firma analiz edilecek.
2025-10-29 13:50:43,796 - AutomationEngine - INFO - Web sitesi analizi başlatılıyor: ReHome - https://www.rehome.com.tr/
2025-10-29 13:50:45,759 - undetected_chromedriver.patcher - INFO - patching driver executable C:\Users\ibrahim çete\appdata\roaming\undetected_chromedriver\undetected_chromedriver.exe
2025-10-29 13:53:01,014 - httpx - INFO - HTTP Request: POST https://api.openai.com/v1/chat/completions "HTTP/1.1 200 OK"
2025-10-29 13:53:03,450 - undetected_chromedriver.patcher - INFO - patching driver executable C:\Users\ibrahim çete\appdata\roaming\undetected_chromedriver\undetected_chromedriver.exe
2025-10-29 13:53:31,124 - undetected_chromedriver.patcher - INFO - patching driver executable C:\Users\ibrahim çete\appdata\roaming\undetected_chromedriver\undetected_chromedriver.exe
2025-10-29 13:54:09,906 - httpx - INFO - HTTP Request: POST https://api.openai.com/v1/chat/completions "HTTP/1.1 200 OK"
2025-10-29 13:54:13,017 - AutomationEngine - INFO - Analiz tamamlandı: ReHome. Bulunan emailler: 3
2025-10-29 13:54:13,109 - AutomationEngine - INFO - İş akışı durumu kaydedildi: workflow_state.json
2025-10-29 13:54:13,109 - AutomationEngine - INFO - Web sitesi analizi başlatılıyor: Savaş Mobilya - https://www.sikayetvar.com/savas-mobilya
2025-10-29 13:54:15,075 - undetected_chromedriver.patcher - INFO - patching driver executable C:\Users\ibrahim çete\appdata\roaming\undetected_chromedriver\undetected_chromedriver.exe
2025-10-29 13:55:13,940 - httpx - INFO - HTTP Request: POST https://api.openai.com/v1/chat/completions "HTTP/1.1 200 OK"
2025-10-29 13:55:17,438 - undetected_chromedriver.patcher - INFO - patching driver executable C:\Users\ibrahim çete\appdata\roaming\undetected_chromedriver\undetected_chromedriver.exe
2025-10-29 13:56:01,244 - httpx - INFO - HTTP Request: POST https://api.openai.com/v1/chat/completions "HTTP/1.1 200 OK"
2025-10-29 13:56:03,266 - AutomationEngine - INFO - Analiz tamamlandı: Savaş Mobilya. Bulunan emailler: 1
2025-10-29 13:56:03,312 - AutomationEngine - INFO - İş akışı durumu kaydedildi: workflow_state.json
2025-10-29 13:56:03,312 - AutomationEngine - INFO - Analiz adımı tamamlandı. 2 firma analiz edildi.
2025-10-29 13:56:03,313 - AutomationEngine - INFO - İş akışı durumu kaydedildi: workflow_state.json
2025-10-29 13:56:03,314 - AutomationEngine - INFO - 2 firmaya kampanya gönderilecek.
2025-10-29 13:56:03,331 - AutomationEngine - INFO - Email kampanyası başlatılıyor: 2 firma.
2025-10-29 13:56:03,340 - AutomationEngine - INFO - AI ile email oluşturuluyor: ReHome
2025-10-29 13:56:12,943 - httpx - INFO - HTTP Request: POST https://api.openai.com/v1/chat/completions "HTTP/1.1 200 OK"
2025-10-29 14:14:38,463 - AutomationEngine - INFO - FEEDBACK: 🛑 Motor durduruluyor...
2025-10-29 14:14:38,464 - AutomationEngine - INFO - İş akışı (workflow_1761735035) durduruluyor.
2025-10-29 14:14:38,465 - AutomationEngine - INFO - Aktif iş akışı yok, durum dosyası temizlendi.
2025-10-29 14:14:38,466 - AutomationEngine - INFO - İş akışı (workflow_1761735035) durduruldu ve temizlendi.
2025-10-29 14:14:38,483 - AutomationEngine - INFO - FEEDBACK: 👋 Motor durduruldu.
2025-10-29 14:14:38,483 - AutomationEngine - INFO - Otomasyon Motoru durduruldu.
2025-10-29 14:14:38,613 - uc - INFO - ensuring close
2025-10-29 14:14:38,614 - uc - INFO - ensuring close
2025-10-29 14:14:38,614 - uc - INFO - ensuring close
2025-10-29 14:14:38,615 - uc - INFO - ensuring close
2025-10-29 14:14:38,617 - uc - INFO - ensuring close
2025-10-29 16:06:53,169 - AutomationEngine - INFO - sys.path güncellendi: C:\Users\ibrahim çete\Desktop\mini b2b 2
2025-10-29 16:06:56,423 - AutomationEngine - INFO - Gerekli sınıflar main.py'den başarıyla import edildi.
2025-10-29 16:06:56,425 - AutomationEngine - INFO - ✨ Gelişmiş AI NLP Parser yüklendi
2025-10-29 16:06:56,440 - main2 - INFO - PySide6 başarıyla yüklendi
2025-10-29 16:06:56,440 - main2 - INFO - WebEngine modülü yüklendi
2025-10-29 16:06:56,460 - main2 - INFO - Charts modülü yüklendi
2025-10-29 16:06:56,460 - main2 - INFO - OpenAI modülü yüklendi (yeni sürüm)
2025-10-29 16:06:56,461 - main2 - INFO - Requests modülü yüklendi
2025-10-29 16:07:00,539 - comtypes.client._code_cache - INFO - Imported existing <module 'comtypes.gen' from 'C:\\Users\\ibrahim çete\\AppData\\Roaming\\Python\\Python313\\site-packages\\comtypes\\gen\\__init__.py'>
2025-10-29 16:07:00,539 - comtypes.client._code_cache - INFO - Using writeable comtypes cache directory: 'C:\Users\ibrahim çete\AppData\Roaming\Python\Python313\site-packages\comtypes\gen'
2025-10-29 16:07:06,889 - AutomationEngine - INFO - MonitoringErrorHandler başlatıldı.
2025-10-29 16:07:06,964 - database - INFO - Veritabanı bağlantısı başarılı (deneme 1)
2025-10-29 16:07:06,966 - database - INFO - Tablolar başarıyla oluşturuldu
2025-10-29 16:07:06,966 - database - INFO - Veritabanı migrasyonu tamamlandı
2025-10-29 16:07:06,975 - database - INFO - İndeksler başarıyla oluşturuldu
2025-10-29 16:07:06,976 - database - INFO - Database başlatıldı
2025-10-29 16:07:06,976 - AutomationEngine - INFO - TaskExecutor başarıyla başlatıldı ve manager'lar yüklendi.
2025-10-29 16:07:06,976 - AutomationEngine - INFO - Kaydedilmiş iş akışı durumu bulunamadı.
2025-10-29 16:07:06,976 - AutomationEngine - INFO - WorkflowOrchestrator başlatıldı.
2025-10-29 16:07:06,977 - AutomationEngine - INFO - ✅ Öğrenme verileri yüklendi: 6 pattern, 7 başarılı örnek
2025-10-29 16:07:06,977 - AutomationEngine - INFO - 🧠 Gelişmiş Self-Learning NLP Parser başlatıldı
2025-10-29 16:07:06,977 - AutomationEngine - INFO - NLPCommandParser (legacy wrapper) başlatıldı
2025-10-29 16:07:06,978 - AutomationEngine - INFO - AILearningOptimizer başlatıldı.
2025-10-29 16:07:06,980 - AutomationEngine - INFO - FEEDBACK: ✅ Otomasyon Motoru başarıyla başlatıldı.
2025-10-29 16:07:06,980 - AutomationEngine - INFO - FEEDBACK: ✅ Yarım kalmış iş akışı bulunamadı.
2025-10-29 16:07:06,981 - database - INFO - Veritabanı bağlantısı başarılı (deneme 1)
2025-10-29 16:07:06,982 - database - INFO - Tablolar başarıyla oluşturuldu
2025-10-29 16:07:06,982 - database - INFO - Veritabanı migrasyonu tamamlandı
2025-10-29 16:07:06,983 - database - INFO - İndeksler başarıyla oluşturuldu
2025-10-29 16:07:06,983 - database - INFO - Database başlatıldı
2025-10-29 16:07:06,986 - tracking_database - INFO - ✅ Tracking tabloları oluşturuldu
2025-10-29 16:07:06,986 - tracking_database - INFO - ✅ Indexler oluşturuldu
2025-10-29 16:07:06,986 - tracking_database - INFO - 📊 Tracking Database başlatıldı: tracking.db
2025-10-29 16:07:06,986 - tracking_analytics - INFO - 📊 Tracking Analytics başlatıldı
2025-10-29 16:07:06,986 - tracking_gui_integration - INFO - ✅ Tracking Analytics başlatıldı
2025-10-29 16:07:06,995 - tracking_database - INFO - ✅ Tracking tabloları oluşturuldu
2025-10-29 16:07:06,996 - tracking_database - INFO - ✅ Indexler oluşturuldu
2025-10-29 16:07:06,996 - tracking_database - INFO - 📊 Tracking Database başlatıldı: tracking.db
2025-10-29 16:07:06,996 - tracking_gui_integration - INFO - ✅ Tracking Database başlatıldı
2025-10-29 16:07:06,996 - tracking_gui_integration - INFO - Tracking server URL: https://web-production-24136.up.railway.app
2025-10-29 16:11:44,652 - AutomationEngine - INFO - sys.path güncellendi: C:\Users\ibrahim çete\Desktop\mini b2b 2
2025-10-29 16:11:46,798 - AutomationEngine - INFO - Gerekli sınıflar main.py'den başarıyla import edildi.
2025-10-29 16:11:46,799 - AutomationEngine - INFO - ✨ Gelişmiş AI NLP Parser yüklendi
2025-10-29 16:11:46,817 - main2 - INFO - PySide6 başarıyla yüklendi
2025-10-29 16:11:46,817 - main2 - INFO - WebEngine modülü yüklendi
2025-10-29 16:11:46,824 - main2 - INFO - Charts modülü yüklendi
2025-10-29 16:11:46,824 - main2 - INFO - OpenAI modülü yüklendi (yeni sürüm)
2025-10-29 16:11:46,824 - main2 - INFO - Requests modülü yüklendi
2025-10-29 16:11:50,120 - comtypes.client._code_cache - INFO - Imported existing <module 'comtypes.gen' from 'C:\\Users\\ibrahim çete\\AppData\\Roaming\\Python\\Python313\\site-packages\\comtypes\\gen\\__init__.py'>
2025-10-29 16:11:50,121 - comtypes.client._code_cache - INFO - Using writeable comtypes cache directory: 'C:\Users\ibrahim çete\AppData\Roaming\Python\Python313\site-packages\comtypes\gen'
2025-10-29 16:11:55,644 - AutomationEngine - INFO - MonitoringErrorHandler başlatıldı.
2025-10-29 16:11:55,648 - database - INFO - Veritabanı bağlantısı başarılı (deneme 1)
2025-10-29 16:11:55,648 - database - INFO - Tablolar başarıyla oluşturuldu
2025-10-29 16:11:55,648 - database - INFO - Veritabanı migrasyonu tamamlandı
2025-10-29 16:11:55,660 - database - INFO - İndeksler başarıyla oluşturuldu
2025-10-29 16:11:55,660 - database - INFO - Database başlatıldı
2025-10-29 16:11:55,660 - AutomationEngine - INFO - TaskExecutor başarıyla başlatıldı ve manager'lar yüklendi.
2025-10-29 16:11:55,660 - AutomationEngine - INFO - Kaydedilmiş iş akışı durumu bulunamadı.
2025-10-29 16:11:55,660 - AutomationEngine - INFO - WorkflowOrchestrator başlatıldı.
2025-10-29 16:11:55,661 - AutomationEngine - INFO - ✅ Öğrenme verileri yüklendi: 6 pattern, 7 başarılı örnek
2025-10-29 16:11:55,661 - AutomationEngine - INFO - 🧠 Gelişmiş Self-Learning NLP Parser başlatıldı
2025-10-29 16:11:55,661 - AutomationEngine - INFO - NLPCommandParser (legacy wrapper) başlatıldı
2025-10-29 16:11:55,662 - AutomationEngine - INFO - AILearningOptimizer başlatıldı.
2025-10-29 16:11:55,662 - AutomationEngine - INFO - FEEDBACK: ✅ Otomasyon Motoru başarıyla başlatıldı.
2025-10-29 16:11:55,663 - AutomationEngine - INFO - FEEDBACK: ✅ Yarım kalmış iş akışı bulunamadı.
2025-10-29 16:11:55,664 - database - INFO - Veritabanı bağlantısı başarılı (deneme 1)
2025-10-29 16:11:55,664 - database - INFO - Tablolar başarıyla oluşturuldu
2025-10-29 16:11:55,665 - database - INFO - Veritabanı migrasyonu tamamlandı
2025-10-29 16:11:55,666 - database - INFO - İndeksler başarıyla oluşturuldu
2025-10-29 16:11:55,666 - database - INFO - Database başlatıldı
2025-10-29 16:11:55,667 - tracking_database - INFO - ✅ Tracking tabloları oluşturuldu
2025-10-29 16:11:55,668 - tracking_database - INFO - ✅ Indexler oluşturuldu
2025-10-29 16:11:55,668 - tracking_database - INFO - 📊 Tracking Database başlatıldı: tracking.db
2025-10-29 16:11:55,668 - tracking_analytics - INFO - 📊 Tracking Analytics başlatıldı
2025-10-29 16:11:55,668 - tracking_gui_integration - INFO - ✅ Tracking Analytics başlatıldı
2025-10-29 16:11:55,677 - tracking_database - INFO - ✅ Tracking tabloları oluşturuldu
2025-10-29 16:11:55,677 - tracking_database - INFO - ✅ Indexler oluşturuldu
2025-10-29 16:11:55,678 - tracking_database - INFO - 📊 Tracking Database başlatıldı: tracking.db
2025-10-29 16:11:55,678 - tracking_gui_integration - INFO - ✅ Tracking Database başlatıldı
2025-10-29 16:11:55,678 - tracking_gui_integration - INFO - Tracking server URL: https://web-production-24136.up.railway.app
2025-10-29 16:12:05,251 - main2 - ERROR - API key boş
2025-10-29 16:13:33,181 - AutomationEngine - INFO - 🧠 NLP komutu analiz ediliyor: 'Kayseri'deki mobilya firmalarını bul, analiz et ve 'Yaz Tanıtımı' kampanyasını gönder'
2025-10-29 16:13:33,182 - AutomationEngine - INFO - ✅ Parse tamamlandı: firma_ara_ve_kampanya (Güven: 0.85)
2025-10-29 16:13:33,183 - AutomationEngine - INFO - ✅ Öğrenme verileri kaydedildi
2025-10-29 16:13:33,184 - AutomationEngine - INFO - 📚 Yeni pattern öğrenildi: 3a221766...
2025-10-29 16:13:33,184 - AutomationEngine - INFO - Yeni iş akışı başlatılıyor: workflow_1761743613
2025-10-29 16:13:33,185 - AutomationEngine - INFO - İş akışı durumu kaydedildi: workflow_state.json
2025-10-29 16:13:33,188 - AutomationEngine - INFO - NLP geri bildirimi eklendi: Komut='Kayseri'deki mobilya firmalarını bul, analiz et ve 'Yaz Tanıtımı' kampanyasını gönder', Doğru mu=True
2025-10-29 16:13:33,188 - AutomationEngine - INFO - Google Maps araması başlatılıyor: Sorgu='mobilya firması', Konum='Kayseri', Max=5
2025-10-29 16:13:33,193 - AutomationEngine - INFO - FEEDBACK: 💬 Komut alındı: 'Kayseri'deki mobilya firmalarını bul, analiz et ve 'Yaz Tanıtımı' kampanyasını gönder'
2025-10-29 16:13:33,195 - AutomationEngine - INFO - FEEDBACK: 🧠 Komut anlaşılıyor (NLP)...
2025-10-29 16:13:33,195 - AutomationEngine - INFO - 220 mevcut place_id bulundu.
2025-10-29 16:13:33,196 - AutomationEngine - INFO - 🧠 NLP komutu analiz ediliyor: 'Kayseri'deki mobilya firmalarını bul, analiz et ve 'Yaz Tanıtımı' kampanyasını gönder'
2025-10-29 16:13:33,196 - AutomationEngine - INFO - ✅ Parse tamamlandı: firma_ara_ve_kampanya (Güven: 0.85)
2025-10-29 16:13:33,197 - AutomationEngine - INFO - ✅ Öğrenme verileri kaydedildi
2025-10-29 16:13:33,197 - AutomationEngine - INFO - 📚 Yeni pattern öğrenildi: 3a221766...
2025-10-29 16:13:33,198 - AutomationEngine - INFO - FEEDBACK: 👍 Komut anlaşıldı: {'intent': 'firma_ara_ve_kampanya', 'confidence': 0.85, 'query': 'mobilya firması', 'location': 'Kayseri', 'max_results': 5, 'campaign_name': 'deki mobilya firmalarını bul, analiz et ve', 'target_sector': None, 'target_firm_name': 'Kayseri', 'use_vapi': False, 'use_whatsapp': False, 'use_gpt': False, 'context': {'has_recent_search': False, 'last_location': 'Kayseri', 'last_sector': 'mobilya firması', 'suggested_intent': None}, 'timestamp': '2025-10-29T16:13:33.196404'}
2025-10-29 16:13:33,198 - AutomationEngine - WARNING - Yeni iş akışı başlatılamadı. Mevcut iş akışı (workflow_1761743613) zaten çalışıyor.
2025-10-29 16:13:33,198 - AutomationEngine - INFO - FEEDBACK: ⚠️ Yeni iş akışı başlatılamadı. Mevcut iş akışı (workflow_1761743613) zaten çalışıyor.
2025-10-29 16:13:34,074 - api_manager - INFO - Duplicate company skipped: İnegöl Mobilya Kayseri, Teleteknik Home (place_id: ChIJa7GSkZcRKxURdZJCVvSFgsA)
2025-10-29 16:13:34,076 - api_manager - INFO - Duplicate company skipped: Vinda Mobilya | Kayseri Mobilya Mağazası (place_id: ChIJVwrtLaoPKxUR0PWq1HOVt6c)
2025-10-29 16:13:34,079 - api_manager - INFO - Duplicate company skipped: Titanic Möble - İnegöl Mobilyası - Kayseri Mobilya (place_id: ChIJTfI7powFKxURqcFtZQ4W3aM)
2025-10-29 16:13:34,087 - api_manager - INFO - Duplicate company skipped: LADİN MOBİLYA /KAYSERİ (place_id: ChIJ0YCYjBkTKxURc7XqYwSYzQ8)
2025-10-29 16:13:34,088 - api_manager - INFO - Duplicate company skipped: Lava Concept - Kayseri İnegöl Mobilya (place_id: ChIJG3ekzk4TKxURpL_yNvBPuKE)
2025-10-29 16:13:34,088 - api_manager - INFO - Duplicate company skipped: H.A ConCept inegöl Mobilyası (place_id: ChIJgVv0BAQRKxURhiwosNg9zb4)
2025-10-29 16:13:34,088 - api_manager - INFO - Duplicate company skipped: Zamantı Home Concept , İnegöl Mobilya (place_id: ChIJ_d0M-j0TKxURkWbxa29vSuw)
2025-10-29 16:13:34,088 - api_manager - INFO - Duplicate company skipped: Nessihome Mobilya Kayseri (place_id: ChIJxdOvLfkRKxUR_1Vx6X-Jqx8)
2025-10-29 16:13:34,089 - api_manager - INFO - Duplicate company skipped: Baykan Mobilya (place_id: ChIJKU6JWvkRKxURgcGmzmb7eOs)
2025-10-29 16:13:34,089 - api_manager - INFO - Duplicate company skipped: Elif Mobilya Fabrika Satış Mağazası (place_id: ChIJE19qX-YPKxURVOQDt_zNi_8)
2025-10-29 16:13:34,089 - api_manager - INFO - Duplicate company skipped: Mf Pierre Loti Home Collection (place_id: ChIJp4Zoy_4RKxURlGy6RXJbvGU)
2025-10-29 16:13:34,089 - api_manager - INFO - Duplicate company skipped: Ela Mobilya & Dekorasyon Mobilya İnovasyon İnşaat Oto Alım-Satım İthalat İhracat Sanayi ve Ticaret Ltd. Şti. (place_id: ChIJOx90mRUTKxUR_PlQCFdiWZA)
2025-10-29 16:13:34,089 - api_manager - INFO - Duplicate company skipped: Alperen Mobilya | Kayseri Mobilya İmalat Firması | Kayseri Toptan Mobilya ve Koltuk Takımı (place_id: ChIJ9WxG6gARKxURQUGCU4XLTV4)
2025-10-29 16:13:34,089 - api_manager - INFO - Duplicate company skipped: Evonza Home Koltuk Takımı ve Mobilya İmalatı Satışı (place_id: ChIJ0Yevy0QTKxURlgdmGlC1p44)
2025-10-29 16:13:34,089 - api_manager - INFO - Duplicate company skipped: Daisy Mobilya (place_id: ChIJPaU53gUSKxURfL6vFWXsAyU)
2025-10-29 16:13:34,089 - api_manager - INFO - Duplicate company skipped: Elitra Mobilya - fabrika (place_id: ChIJHarsLPgRKxUR0ZUvZpGLrzc)
2025-10-29 16:13:34,089 - api_manager - INFO - Duplicate company skipped: Ezgi Modüler Mobilya (place_id: ChIJ6WZF5TMFKxUR5Yd_OMudK_8)
2025-10-29 16:13:34,089 - api_manager - INFO - Duplicate company skipped: Aksu Mobilya (place_id: ChIJ6wh-fmsFKxURImxYmFR_VUI)
2025-10-29 16:13:34,089 - api_manager - INFO - Duplicate company skipped: h-concept Mobilya Kayseri (place_id: ChIJ2XCJhh0SKxURTqez257Gzqo)
2025-10-29 16:13:34,090 - api_manager - INFO - Duplicate company skipped: Lükssan Mobilya (place_id: ChIJe48b6Q8FKxURf5umYq9bUX4)
2025-10-29 16:13:36,944 - api_manager - INFO - Duplicate company skipped: GAMBU CONCEPT MASA-SANDALYE-DRESUAR-BAHÇE MOBİLYASI (place_id: ChIJQfGC8vsRKxURCpcV7vB9LPY)
2025-10-29 16:13:36,951 - api_manager - INFO - Duplicate company skipped: Gülen Mobilya Kayseri (place_id: ChIJmxmhaY0RKxURn6Ldt9EsCFQ)
2025-10-29 16:13:36,951 - api_manager - INFO - Duplicate company skipped: Enkare Home (place_id: ChIJUUe7ox8RKxUREKDkkA7IK0E)
2025-10-29 16:13:36,951 - api_manager - INFO - Duplicate company skipped: Ellda Mobilya (place_id: ChIJl_Bn85gRKxURorgOhbeIS58)
2025-10-29 16:13:36,952 - api_manager - INFO - Duplicate company skipped: Kayseri Mutfak Dolabı, Kayseri Vestiyer, Kayseri Banyo Dolabı - Seon Mobilya (place_id: ChIJM7gcAhwSKxUReCP9H2l2Co0)
2025-10-29 16:13:36,952 - api_manager - INFO - Duplicate company skipped: Zeence Kayseri Mağaza (place_id: ChIJHaTpFZETKxURlFjaFD9JfI4)
2025-10-29 16:13:36,952 - api_manager - INFO - Duplicate company skipped: Fierro Mobilya, Kayseri Mobilya, Kayseri Mobilya Mağazası (place_id: ChIJPyvmmvsRKxUR_it7LR0jePY)
2025-10-29 16:13:36,952 - api_manager - INFO - Duplicate company skipped: Kalem Concept Mobilya (place_id: ChIJoVLqPPARKxUREtQ1ZU9hlZA)
2025-10-29 16:13:36,953 - api_manager - INFO - Duplicate company skipped: Solayhome (place_id: ChIJQ9zGy10RKxURyxoUPqBSnhU)
2025-10-29 16:13:36,953 - api_manager - INFO - Duplicate company skipped: Nil Mobilya San. Ve Tic. A.Ş. (place_id: ChIJlz9yG-IRKxURI8pzCMwH9DU)
2025-10-29 16:13:36,953 - api_manager - INFO - Duplicate company skipped: Elif Mobilya (place_id: ChIJ79UdCnEFKxUR_mJ-XPSk8DE)
2025-10-29 16:13:36,953 - api_manager - INFO - Duplicate company skipped: Dizza Home Eski Sanayi Mağaza (place_id: ChIJmSwubNoRKxUR-O-sfGhMQSA)
2025-10-29 16:13:36,953 - api_manager - INFO - Duplicate company skipped: Kayseri Ünal Koltuk kanepe imalatı (place_id: ChIJeb24yfYZKxURSoYXYV3FGFs)
2025-10-29 16:13:36,953 - api_manager - INFO - Duplicate company skipped: Koltuk Takımı (place_id: ChIJCTw9JDIRKxURoG-wIjRTJnk)
2025-10-29 16:13:36,953 - api_manager - INFO - Duplicate company skipped: LORA MOBİLYA (place_id: ChIJHVIv1gkFKxURiHAut5wcT3A)
2025-10-29 16:13:36,953 - api_manager - INFO - Duplicate company skipped: Kayseri Mutfak Dolabı, Vestiyer, Ray Dolap, Banyo Dolabı, laminant parke, iç oda kapısı Güner Mobilya (place_id: ChIJmUh2TPgRKxURZ25QBikLW3A)
2025-10-29 16:13:36,953 - api_manager - INFO - Duplicate company skipped: Diamond Mobilya Kayseri (place_id: ChIJoyflXdkRKxURvimzdPCWOL0)
2025-10-29 16:13:36,953 - api_manager - INFO - Duplicate company skipped: Kayseri Mobilyacılar Sitesi (place_id: ChIJH0Xh0_gQKxURW68BgAqdHLA)
2025-10-29 16:13:36,953 - api_manager - INFO - Duplicate company skipped: Serteks Mobilya (place_id: ChIJpcO3CvwRKxURrSOTd52gUhs)
2025-10-29 16:13:36,953 - api_manager - INFO - Duplicate company skipped: RUBY MOBİLYA (place_id: ChIJE-RIjHUPKxURRxa7lMMpj5w)
2025-10-29 16:13:40,124 - api_manager - INFO - Duplicate company skipped: LUZZO HOME (place_id: ChIJMTncXeMSKxURN1FlOZMbiY8)
2025-10-29 16:13:40,138 - api_manager - INFO - Duplicate company skipped: Elizan Mobilya (place_id: ChIJdwHpekoFKxURS2cgOroaaJ8)
2025-10-29 16:13:40,138 - api_manager - INFO - Duplicate company skipped: Vivense Kayseri Melikgazi Showroom (place_id: ChIJBVdss_kSKxURb7ozIPWcKak)
2025-10-29 16:13:40,139 - api_manager - INFO - Duplicate company skipped: Gülsoy Home Center (place_id: ChIJS2hY1h0SKxURjTuqkxVP_i8)
2025-10-29 16:13:40,139 - api_manager - INFO - Duplicate company skipped: Gökdemir Mobilya KAYSERİ (place_id: ChIJ5-v9mYATKxUR6nCP9-rPHUI)
2025-10-29 16:13:40,139 - api_manager - INFO - Duplicate company skipped: Doğtaş Kayseri Forum AVM (place_id: ChIJN8BKBVETKxURg8ZelFBLw_s)
2025-10-29 16:13:40,139 - api_manager - INFO - Duplicate company skipped: Kelebek Mobilya Kayseri (place_id: ChIJ57oHpqATKxURfDGN8YH2cH0)
2025-10-29 16:13:40,139 - api_manager - INFO - Duplicate company skipped: KAYSERİ YILWER OFİS MOBİLYALARI (place_id: ChIJgWIV04oTKxURPeGg6qjqMwg)
2025-10-29 16:13:40,139 - api_manager - INFO - Duplicate company skipped: İstikbal Nadir Ev Concept (place_id: ChIJ2b1l2SEOKxURGJ9-kjTuArs)
2025-10-29 16:13:40,139 - api_manager - INFO - Duplicate company skipped: Maximo Mobilya Showroom (place_id: ChIJ5aIXEPwRKxURQeD2xcPNgKg)
2025-10-29 16:13:40,139 - api_manager - INFO - Duplicate company skipped: KRAL DÖŞEME - Kayseri Koltuk Takımı Kanepe Mobilya İmalatı ve Tamiri (place_id: ChIJAdX7fjsOKxURw0hHmUwl5Bw)
2025-10-29 16:13:40,139 - api_manager - INFO - Duplicate company skipped: Meskay Mobilya (place_id: ChIJTw1egs0NKxURJl63hcdxghU)
2025-10-29 16:13:40,140 - api_manager - INFO - Duplicate company skipped: İMRALLAR MOBİLYA (place_id: ChIJjedJoK0TKxURL8LGGQtsUmM)
2025-10-29 16:13:40,140 - api_manager - INFO - Duplicate company skipped: HaZaL MoBiLyA (place_id: ChIJJ2XBJMoRKxURFrl-3ynnbAw)
2025-10-29 16:13:40,140 - api_manager - INFO - Duplicate company skipped: ReHome (place_id: ChIJ_5Er-LcTKxUR7CIwhYvO2LI)
2025-10-29 16:13:40,140 - api_manager - INFO - Duplicate company skipped: İstikbal Mizan Mobilya (place_id: ChIJXSj6t_4RKxURyTV_aHLajbo)
2025-10-29 16:13:40,140 - api_manager - INFO - Duplicate company skipped: Venüs Mobilya (place_id: ChIJq0VZmfkRKxUReCMZzg_SBCU)
2025-10-29 16:13:40,140 - api_manager - INFO - Duplicate company skipped: Aygül Metal Kayseri Bahçe Mobilyaları (place_id: ChIJLUzb6WYRKxURtPJlwE51bdQ)
2025-10-29 16:13:40,607 - api_manager - WARNING - Firma detayı alınamadı: 'list' object has no attribute 'add'
2025-10-29 16:13:40,607 - api_manager - INFO - Duplicate company skipped: Savaş Mobilya (place_id: ChIJNyln9_sRKxURhLS5fX36FqY)
2025-10-29 16:13:40,608 - api_manager - INFO - Google Maps search completed: 1 new firms, 59 duplicates skipped
2025-10-29 16:13:40,609 - AutomationEngine - INFO - Arama tamamlandı. 1 yeni firma bulundu.
2025-10-29 16:13:40,609 - AutomationEngine - INFO - 1 firma veritabanına kaydediliyor...
2025-10-29 16:13:40,618 - AutomationEngine - INFO - 1 firma başarıyla kaydedildi.
2025-10-29 16:13:40,618 - AutomationEngine - INFO - Arama adımı tamamlandı. 1 firma bulundu.
2025-10-29 16:13:40,619 - AutomationEngine - INFO - İş akışı durumu kaydedildi: workflow_state.json
2025-10-29 16:13:40,619 - AutomationEngine - INFO - 1 firma analiz edilecek.
2025-10-29 16:13:40,619 - AutomationEngine - WARNING - Analiz atlandı: ERGO MOBİLYA SHOWROOM için web sitesi URL'si yok.
2025-10-29 16:13:40,620 - AutomationEngine - INFO - İş akışı durumu kaydedildi: workflow_state.json
2025-10-29 16:13:40,620 - AutomationEngine - INFO - Analiz adımı tamamlandı. 1 firma analiz edildi.
2025-10-29 16:13:40,621 - AutomationEngine - INFO - İş akışı durumu kaydedildi: workflow_state.json
2025-10-29 16:13:40,621 - AutomationEngine - INFO - 1 firmaya kampanya gönderilecek.
2025-10-29 16:13:40,621 - AutomationEngine - INFO - Email kampanyası başlatılıyor: 1 firma.
2025-10-29 16:13:40,669 - AutomationEngine - WARNING - Kampanya atlandı: ERGO MOBİLYA SHOWROOM için geçerli email bulunamadı.
2025-10-29 16:13:40,684 - AutomationEngine - INFO - Kampanya tamamlandı. Başarılı: 0, Başarısız: 1
2025-10-29 16:13:40,688 - AutomationEngine - INFO - Kampanya adımı tamamlandı.
2025-10-29 16:13:40,690 - AutomationEngine - INFO - İş akışı durumu kaydedildi: workflow_state.json
2025-10-29 16:13:40,690 - AutomationEngine - INFO - İş akışı (workflow_1761743613) başarıyla tamamlandı.
2025-10-29 16:13:40,690 - AutomationEngine - INFO - Aktif iş akışı yok, durum dosyası temizlendi.
2025-10-29 16:22:03,980 - AutomationEngine - INFO - sys.path güncellendi: C:\Users\ibrahim çete\Desktop\mini b2b 2
2025-10-29 16:22:05,684 - AutomationEngine - INFO - Gerekli sınıflar main.py'den başarıyla import edildi.
2025-10-29 16:22:05,685 - AutomationEngine - INFO - ✨ Gelişmiş AI NLP Parser yüklendi
2025-10-29 16:22:05,695 - main2 - INFO - PySide6 başarıyla yüklendi
2025-10-29 16:22:05,695 - main2 - INFO - WebEngine modülü yüklendi
2025-10-29 16:22:05,700 - main2 - INFO - Charts modülü yüklendi
2025-10-29 16:22:05,700 - main2 - INFO - OpenAI modülü yüklendi (yeni sürüm)
2025-10-29 16:22:05,700 - main2 - INFO - Requests modülü yüklendi
2025-10-29 16:22:08,461 - AutomationEngine - CRITICAL - Uygulama başlatılamadı: 'AutomationGUI' object has no attribute '_insert_emoji'
2025-10-29 16:39:28,863 - AutomationEngine - INFO - sys.path güncellendi: C:\Users\ibrahim çete\Desktop\mini b2b 2
2025-10-29 16:39:30,933 - AutomationEngine - INFO - Gerekli sınıflar main.py'den başarıyla import edildi.
2025-10-29 16:39:30,934 - AutomationEngine - INFO - ✨ Gelişmiş AI NLP Parser yüklendi
2025-10-29 16:39:30,944 - main2 - INFO - PySide6 başarıyla yüklendi
2025-10-29 16:39:30,944 - main2 - INFO - WebEngine modülü yüklendi
2025-10-29 16:39:30,949 - main2 - INFO - Charts modülü yüklendi
2025-10-29 16:39:30,950 - main2 - INFO - OpenAI modülü yüklendi (yeni sürüm)
2025-10-29 16:39:30,950 - main2 - INFO - Requests modülü yüklendi
2025-10-29 16:39:33,722 - AutomationEngine - CRITICAL - Uygulama başlatılamadı: name 'QSlider' is not defined
2025-10-29 16:40:53,573 - AutomationEngine - INFO - sys.path güncellendi: C:\Users\ibrahim çete\Desktop\mini b2b 2
2025-10-29 16:40:55,213 - AutomationEngine - INFO - Gerekli sınıflar main.py'den başarıyla import edildi.
2025-10-29 16:40:55,214 - AutomationEngine - INFO - ✨ Gelişmiş AI NLP Parser yüklendi
2025-10-29 16:40:55,224 - main2 - INFO - PySide6 başarıyla yüklendi
2025-10-29 16:40:55,224 - main2 - INFO - WebEngine modülü yüklendi
2025-10-29 16:40:55,228 - main2 - INFO - Charts modülü yüklendi
2025-10-29 16:40:55,229 - main2 - INFO - OpenAI modülü yüklendi (yeni sürüm)
2025-10-29 16:40:55,229 - main2 - INFO - Requests modülü yüklendi
2025-10-29 16:40:58,452 - comtypes.client._code_cache - INFO - Imported existing <module 'comtypes.gen' from 'C:\\Users\\ibrahim çete\\AppData\\Roaming\\Python\\Python313\\site-packages\\comtypes\\gen\\__init__.py'>
2025-10-29 16:40:58,452 - comtypes.client._code_cache - INFO - Using writeable comtypes cache directory: 'C:\Users\ibrahim çete\AppData\Roaming\Python\Python313\site-packages\comtypes\gen'
2025-10-29 16:41:03,772 - AutomationEngine - INFO - MonitoringErrorHandler başlatıldı.
2025-10-29 16:41:03,827 - database - INFO - Veritabanı bağlantısı başarılı (deneme 1)
2025-10-29 16:41:03,828 - database - INFO - Tablolar başarıyla oluşturuldu
2025-10-29 16:41:03,828 - database - INFO - Veritabanı migrasyonu tamamlandı
2025-10-29 16:41:03,837 - database - INFO - İndeksler başarıyla oluşturuldu
2025-10-29 16:41:03,837 - database - INFO - Database başlatıldı
2025-10-29 16:41:03,837 - AutomationEngine - INFO - TaskExecutor başarıyla başlatıldı ve manager'lar yüklendi.
2025-10-29 16:41:03,837 - AutomationEngine - INFO - Kaydedilmiş iş akışı durumu bulunamadı.
2025-10-29 16:41:03,838 - AutomationEngine - INFO - WorkflowOrchestrator başlatıldı.
2025-10-29 16:41:03,838 - AutomationEngine - INFO - ✅ Öğrenme verileri yüklendi: 7 pattern, 9 başarılı örnek
2025-10-29 16:41:03,838 - AutomationEngine - INFO - 🧠 Gelişmiş Self-Learning NLP Parser başlatıldı
2025-10-29 16:41:03,838 - AutomationEngine - INFO - NLPCommandParser (legacy wrapper) başlatıldı
2025-10-29 16:41:03,839 - AutomationEngine - INFO - AILearningOptimizer başlatıldı.
2025-10-29 16:41:03,841 - AutomationEngine - INFO - FEEDBACK: ✅ Otomasyon Motoru başarıyla başlatıldı.
2025-10-29 16:41:03,841 - AutomationEngine - INFO - FEEDBACK: ✅ Yarım kalmış iş akışı bulunamadı.
2025-10-29 16:41:03,842 - database - INFO - Veritabanı bağlantısı başarılı (deneme 1)
2025-10-29 16:41:03,843 - database - INFO - Tablolar başarıyla oluşturuldu
2025-10-29 16:41:03,843 - database - INFO - Veritabanı migrasyonu tamamlandı
2025-10-29 16:41:03,844 - database - INFO - İndeksler başarıyla oluşturuldu
2025-10-29 16:41:03,844 - database - INFO - Database başlatıldı
2025-10-29 16:41:03,854 - tracking_database - INFO - ✅ Tracking tabloları oluşturuldu
2025-10-29 16:41:03,855 - tracking_database - INFO - ✅ Indexler oluşturuldu
2025-10-29 16:41:03,855 - tracking_database - INFO - 📊 Tracking Database başlatıldı: tracking.db
2025-10-29 16:41:03,855 - tracking_analytics - INFO - 📊 Tracking Analytics başlatıldı
2025-10-29 16:41:03,855 - tracking_gui_integration - INFO - ✅ Tracking Analytics başlatıldı
2025-10-29 16:41:03,863 - tracking_database - INFO - ✅ Tracking tabloları oluşturuldu
2025-10-29 16:41:03,863 - tracking_database - INFO - ✅ Indexler oluşturuldu
2025-10-29 16:41:03,863 - tracking_database - INFO - 📊 Tracking Database başlatıldı: tracking.db
2025-10-29 16:41:03,863 - tracking_gui_integration - INFO - ✅ Tracking Database başlatıldı
2025-10-29 16:41:03,863 - tracking_gui_integration - INFO - Tracking server URL: https://web-production-24136.up.railway.app
2025-10-29 16:47:04,631 - AutomationEngine - INFO - 🧠 NLP komutu analiz ediliyor: 'Merhaba nasılsın'
2025-10-29 16:47:04,632 - AutomationEngine - WARNING - ⚠️ Düşük güven skoru: 0.40
2025-10-29 16:47:04,632 - AutomationEngine - INFO - ✅ Parse tamamlandı: bilgi_sor (Güven: 0.40)
2025-10-29 16:47:04,633 - AutomationEngine - INFO - ✅ Öğrenme verileri kaydedildi
2025-10-29 16:47:04,634 - AutomationEngine - INFO - 📚 Yeni pattern öğrenildi: f958998e...
2025-10-29 16:47:07,438 - httpx - INFO - HTTP Request: POST https://api.openai.com/v1/chat/completions "HTTP/1.1 200 OK"
2025-10-29 16:48:29,599 - AutomationEngine - INFO - FEEDBACK: 🛑 Motor durduruluyor...
2025-10-29 16:48:29,600 - AutomationEngine - INFO - FEEDBACK: 👋 Motor durduruldu.
2025-10-29 16:48:29,600 - AutomationEngine - INFO - Otomasyon Motoru durduruldu.
2025-10-29 16:48:33,464 - main2 - ERROR - API key boş
2025-10-29 16:53:50,129 - AutomationEngine - INFO - FEEDBACK: 🛑 Motor durduruluyor...
2025-10-29 16:53:50,131 - AutomationEngine - INFO - FEEDBACK: 👋 Motor durduruldu.
2025-10-29 16:53:50,131 - AutomationEngine - INFO - Otomasyon Motoru durduruldu.
2025-10-29 16:54:54,961 - AutomationEngine - INFO - sys.path güncellendi: C:\Users\ibrahim çete\Desktop\mini b2b 2
2025-10-29 16:54:57,128 - AutomationEngine - INFO - Gerekli sınıflar main.py'den başarıyla import edildi.
2025-10-29 16:54:57,129 - AutomationEngine - INFO - ✨ Gelişmiş AI NLP Parser yüklendi
2025-10-29 16:54:57,141 - main2 - INFO - PySide6 başarıyla yüklendi
2025-10-29 16:54:57,141 - main2 - INFO - WebEngine modülü yüklendi
2025-10-29 16:54:57,149 - main2 - INFO - Charts modülü yüklendi
2025-10-29 16:54:57,149 - main2 - INFO - OpenAI modülü yüklendi (yeni sürüm)
2025-10-29 16:54:57,149 - main2 - INFO - Requests modülü yüklendi
2025-10-29 16:55:00,394 - comtypes.client._code_cache - INFO - Imported existing <module 'comtypes.gen' from 'C:\\Users\\ibrahim çete\\AppData\\Roaming\\Python\\Python313\\site-packages\\comtypes\\gen\\__init__.py'>
2025-10-29 16:55:00,394 - comtypes.client._code_cache - INFO - Using writeable comtypes cache directory: 'C:\Users\ibrahim çete\AppData\Roaming\Python\Python313\site-packages\comtypes\gen'
2025-10-29 16:55:05,888 - AutomationEngine - INFO - MonitoringErrorHandler başlatıldı.
2025-10-29 16:55:05,906 - database - INFO - Veritabanı bağlantısı başarılı (deneme 1)
2025-10-29 16:55:05,906 - database - INFO - Tablolar başarıyla oluşturuldu
2025-10-29 16:55:05,907 - database - INFO - Veritabanı migrasyonu tamamlandı
2025-10-29 16:55:05,925 - database - INFO - İndeksler başarıyla oluşturuldu
2025-10-29 16:55:05,925 - database - INFO - Database başlatıldı
2025-10-29 16:55:05,925 - AutomationEngine - INFO - TaskExecutor başarıyla başlatıldı ve manager'lar yüklendi.
2025-10-29 16:55:05,926 - AutomationEngine - INFO - Kaydedilmiş iş akışı durumu bulunamadı.
2025-10-29 16:55:05,926 - AutomationEngine - INFO - WorkflowOrchestrator başlatıldı.
2025-10-29 16:55:05,926 - AutomationEngine - INFO - ✅ Öğrenme verileri yüklendi: 8 pattern, 10 başarılı örnek
2025-10-29 16:55:05,927 - AutomationEngine - INFO - 🧠 Gelişmiş Self-Learning NLP Parser başlatıldı
2025-10-29 16:55:05,927 - AutomationEngine - INFO - NLPCommandParser (legacy wrapper) başlatıldı
2025-10-29 16:55:05,927 - AutomationEngine - INFO - AILearningOptimizer başlatıldı.
2025-10-29 16:55:05,930 - AutomationEngine - INFO - FEEDBACK: ✅ Otomasyon Motoru başarıyla başlatıldı.
2025-10-29 16:55:05,930 - AutomationEngine - INFO - FEEDBACK: ✅ Yarım kalmış iş akışı bulunamadı.
2025-10-29 16:55:05,931 - database - INFO - Veritabanı bağlantısı başarılı (deneme 1)
2025-10-29 16:55:05,931 - database - INFO - Tablolar başarıyla oluşturuldu
2025-10-29 16:55:05,932 - database - INFO - Veritabanı migrasyonu tamamlandı
2025-10-29 16:55:05,932 - database - INFO - İndeksler başarıyla oluşturuldu
2025-10-29 16:55:05,933 - database - INFO - Database başlatıldı
2025-10-29 16:55:05,935 - tracking_database - INFO - ✅ Tracking tabloları oluşturuldu
2025-10-29 16:55:05,935 - tracking_database - INFO - ✅ Indexler oluşturuldu
2025-10-29 16:55:05,935 - tracking_database - INFO - 📊 Tracking Database başlatıldı: tracking.db
2025-10-29 16:55:05,935 - tracking_analytics - INFO - 📊 Tracking Analytics başlatıldı
2025-10-29 16:55:05,935 - tracking_gui_integration - INFO - ✅ Tracking Analytics başlatıldı
2025-10-29 16:55:05,944 - tracking_database - INFO - ✅ Tracking tabloları oluşturuldu
2025-10-29 16:55:05,944 - tracking_database - INFO - ✅ Indexler oluşturuldu
2025-10-29 16:55:05,944 - tracking_database - INFO - 📊 Tracking Database başlatıldı: tracking.db
2025-10-29 16:55:05,944 - tracking_gui_integration - INFO - ✅ Tracking Database başlatıldı
2025-10-29 16:55:05,944 - tracking_gui_integration - INFO - Tracking server URL: https://web-production-24136.up.railway.app
2025-10-29 16:57:12,725 - AutomationEngine - INFO - 🧠 NLP komutu analiz ediliyor: 'selam'
2025-10-29 16:57:12,726 - AutomationEngine - WARNING - ⚠️ Düşük güven skoru: 0.40
2025-10-29 16:57:12,726 - AutomationEngine - INFO - ✅ Parse tamamlandı: bilgi_sor (Güven: 0.40)
2025-10-29 16:57:12,728 - AutomationEngine - INFO - ✅ Öğrenme verileri kaydedildi
2025-10-29 16:57:12,728 - AutomationEngine - INFO - 📚 Yeni pattern öğrenildi: 9beec4cf...
2025-10-29 16:57:14,591 - httpx - INFO - HTTP Request: POST https://api.openai.com/v1/chat/completions "HTTP/1.1 200 OK"
2025-10-29 16:57:29,135 - AutomationEngine - INFO - FEEDBACK: 🛑 Motor durduruluyor...
2025-10-29 16:57:29,136 - AutomationEngine - INFO - FEEDBACK: 👋 Motor durduruldu.
2025-10-29 16:57:29,136 - AutomationEngine - INFO - Otomasyon Motoru durduruldu.
2025-10-29 19:15:36,464 - AutomationEngine - INFO - sys.path güncellendi: C:\Users\ibrahim çete\Desktop\mini b2b 2
2025-10-29 19:15:40,779 - AutomationEngine - INFO - Gerekli sınıflar main.py'den başarıyla import edildi.
2025-10-29 19:15:40,783 - AutomationEngine - INFO - ✨ Gelişmiş AI NLP Parser yüklendi
2025-10-29 19:15:40,813 - main2 - INFO - PySide6 başarıyla yüklendi
2025-10-29 19:15:40,814 - main2 - INFO - WebEngine modülü yüklendi
2025-10-29 19:15:40,845 - main2 - INFO - Charts modülü yüklendi
2025-10-29 19:15:40,846 - main2 - INFO - OpenAI modülü yüklendi (yeni sürüm)
2025-10-29 19:15:40,846 - main2 - INFO - Requests modülü yüklendi
2025-10-29 19:15:44,713 - comtypes.client._code_cache - INFO - Imported existing <module 'comtypes.gen' from 'C:\\Users\\ibrahim çete\\AppData\\Roaming\\Python\\Python313\\site-packages\\comtypes\\gen\\__init__.py'>
2025-10-29 19:15:44,714 - comtypes.client._code_cache - INFO - Using writeable comtypes cache directory: 'C:\Users\ibrahim çete\AppData\Roaming\Python\Python313\site-packages\comtypes\gen'
2025-10-29 19:15:55,574 - AutomationEngine - INFO - MonitoringErrorHandler başlatıldı.
2025-10-29 19:15:55,616 - database - INFO - Veritabanı bağlantısı başarılı (deneme 1)
2025-10-29 19:15:55,619 - database - INFO - Tablolar başarıyla oluşturuldu
2025-10-29 19:15:55,620 - database - INFO - Veritabanı migrasyonu tamamlandı
2025-10-29 19:15:55,655 - database - INFO - İndeksler başarıyla oluşturuldu
2025-10-29 19:15:55,657 - database - INFO - Database başlatıldı
2025-10-29 19:15:55,658 - AutomationEngine - INFO - TaskExecutor başarıyla başlatıldı ve manager'lar yüklendi.
2025-10-29 19:15:55,659 - AutomationEngine - INFO - Kaydedilmiş iş akışı durumu bulunamadı.
2025-10-29 19:15:55,659 - AutomationEngine - INFO - WorkflowOrchestrator başlatıldı.
2025-10-29 19:15:55,699 - AutomationEngine - INFO - ✅ Öğrenme verileri yüklendi: 8 pattern, 11 başarılı örnek
2025-10-29 19:15:55,700 - AutomationEngine - INFO - 🧠 Gelişmiş Self-Learning NLP Parser başlatıldı
2025-10-29 19:15:55,700 - AutomationEngine - INFO - NLPCommandParser (legacy wrapper) başlatıldı
2025-10-29 19:15:55,703 - AutomationEngine - INFO - AILearningOptimizer başlatıldı.
2025-10-29 19:15:55,705 - AutomationEngine - INFO - FEEDBACK: ✅ Otomasyon Motoru başarıyla başlatıldı.
2025-10-29 19:15:55,706 - AutomationEngine - INFO - FEEDBACK: ✅ Yarım kalmış iş akışı bulunamadı.
2025-10-29 19:15:55,710 - database - INFO - Veritabanı bağlantısı başarılı (deneme 1)
2025-10-29 19:15:55,712 - database - INFO - Tablolar başarıyla oluşturuldu
2025-10-29 19:15:55,713 - database - INFO - Veritabanı migrasyonu tamamlandı
2025-10-29 19:15:55,718 - database - INFO - İndeksler başarıyla oluşturuldu
2025-10-29 19:15:55,719 - database - INFO - Database başlatıldı
2025-10-29 19:15:55,726 - tracking_database - INFO - ✅ Tracking tabloları oluşturuldu
2025-10-29 19:15:55,728 - tracking_database - INFO - ✅ Indexler oluşturuldu
2025-10-29 19:15:55,728 - tracking_database - INFO - 📊 Tracking Database başlatıldı: tracking.db
2025-10-29 19:15:55,729 - tracking_analytics - INFO - 📊 Tracking Analytics başlatıldı
2025-10-29 19:15:55,730 - tracking_gui_integration - INFO - ✅ Tracking Analytics başlatıldı
2025-10-29 19:15:55,755 - tracking_database - INFO - ✅ Tracking tabloları oluşturuldu
2025-10-29 19:15:55,757 - tracking_database - INFO - ✅ Indexler oluşturuldu
2025-10-29 19:15:55,757 - tracking_database - INFO - 📊 Tracking Database başlatıldı: tracking.db
2025-10-29 19:15:55,758 - tracking_gui_integration - INFO - ✅ Tracking Database başlatıldı
2025-10-29 19:15:55,759 - tracking_gui_integration - INFO - Tracking server URL: https://web-production-24136.up.railway.app
2025-10-29 19:16:32,448 - AutomationEngine - INFO - FEEDBACK: 🛑 Motor durduruluyor...
2025-10-29 19:16:32,451 - AutomationEngine - INFO - FEEDBACK: 👋 Motor durduruldu.
2025-10-29 19:16:32,451 - AutomationEngine - INFO - Otomasyon Motoru durduruldu.
2025-10-29 19:32:01,463 - AutomationEngine - INFO - sys.path güncellendi: C:\Users\ibrahim çete\Desktop\mini b2b 2
2025-10-29 19:32:05,674 - AutomationEngine - INFO - Gerekli sınıflar main.py'den başarıyla import edildi.
2025-10-29 19:32:05,677 - AutomationEngine - INFO - ✨ Gelişmiş AI NLP Parser yüklendi
2025-10-29 19:32:05,705 - main2 - INFO - PySide6 başarıyla yüklendi
2025-10-29 19:32:05,705 - main2 - INFO - WebEngine modülü yüklendi
2025-10-29 19:32:05,749 - main2 - INFO - Charts modülü yüklendi
2025-10-29 19:32:05,750 - main2 - INFO - OpenAI modülü yüklendi (yeni sürüm)
2025-10-29 19:32:05,750 - main2 - INFO - Requests modülü yüklendi
2025-10-29 19:32:11,937 - comtypes.client._code_cache - INFO - Imported existing <module 'comtypes.gen' from 'C:\\Users\\ibrahim çete\\AppData\\Roaming\\Python\\Python313\\site-packages\\comtypes\\gen\\__init__.py'>
2025-10-29 19:32:11,938 - comtypes.client._code_cache - INFO - Using writeable comtypes cache directory: 'C:\Users\ibrahim çete\AppData\Roaming\Python\Python313\site-packages\comtypes\gen'
2025-10-29 19:32:27,403 - AutomationEngine - INFO - MonitoringErrorHandler başlatıldı.
2025-10-29 19:32:27,441 - database - INFO - Veritabanı bağlantısı başarılı (deneme 1)
2025-10-29 19:32:27,443 - database - INFO - Tablolar başarıyla oluşturuldu
2025-10-29 19:32:27,444 - database - INFO - Veritabanı migrasyonu tamamlandı
2025-10-29 19:32:27,484 - database - INFO - İndeksler başarıyla oluşturuldu
2025-10-29 19:32:27,485 - database - INFO - Database başlatıldı
2025-10-29 19:32:27,486 - AutomationEngine - INFO - TaskExecutor başarıyla başlatıldı ve manager'lar yüklendi.
2025-10-29 19:32:27,487 - AutomationEngine - INFO - Kaydedilmiş iş akışı durumu bulunamadı.
2025-10-29 19:32:27,487 - AutomationEngine - INFO - WorkflowOrchestrator başlatıldı.
2025-10-29 19:32:27,490 - AutomationEngine - INFO - ✅ Öğrenme verileri yüklendi: 8 pattern, 11 başarılı örnek
2025-10-29 19:32:27,490 - AutomationEngine - INFO - 🧠 Gelişmiş Self-Learning NLP Parser başlatıldı
2025-10-29 19:32:27,491 - AutomationEngine - INFO - NLPCommandParser (legacy wrapper) başlatıldı
2025-10-29 19:32:27,492 - AutomationEngine - INFO - AILearningOptimizer başlatıldı.
2025-10-29 19:32:27,498 - AutomationEngine - INFO - FEEDBACK: ✅ Otomasyon Motoru başarıyla başlatıldı.
2025-10-29 19:32:27,499 - AutomationEngine - INFO - FEEDBACK: ✅ Yarım kalmış iş akışı bulunamadı.
2025-10-29 19:32:27,503 - database - INFO - Veritabanı bağlantısı başarılı (deneme 1)
2025-10-29 19:32:27,504 - database - INFO - Tablolar başarıyla oluşturuldu
2025-10-29 19:32:27,506 - database - INFO - Veritabanı migrasyonu tamamlandı
2025-10-29 19:32:27,510 - database - INFO - İndeksler başarıyla oluşturuldu
2025-10-29 19:32:27,512 - database - INFO - Database başlatıldı
2025-10-29 21:56:10,179 - AutomationEngine - INFO - FEEDBACK: 💬 Komut alındı: 'selam'
2025-10-29 21:56:10,204 - AutomationEngine - INFO - FEEDBACK: 🧠 Komut anlaşılıyor (NLP)...
2025-10-29 21:56:10,207 - AutomationEngine - INFO - 🧠 NLP komutu analiz ediliyor: 'selam'
2025-10-29 21:56:10,256 - AutomationEngine - WARNING - ⚠️ Düşük güven skoru: 0.40
2025-10-29 21:56:10,256 - AutomationEngine - INFO - ✅ Parse tamamlandı: bilgi_sor (Güven: 0.40)
2025-10-29 21:56:10,273 - AutomationEngine - INFO - ✅ Öğrenme verileri kaydedildi
2025-10-29 21:56:10,273 - AutomationEngine - INFO - 📚 Yeni pattern öğrenildi: 9beec4cf...
2025-10-29 21:56:10,274 - AutomationEngine - INFO - FEEDBACK: 👍 Komut anlaşıldı: {'intent': 'bilgi_sor', 'confidence': 0.4, 'query': None, 'location': None, 'max_results': 50, 'campaign_name': None, 'target_sector': None, 'target_firm_name': None, 'use_vapi': False, 'use_whatsapp': False, 'use_gpt': False, 'context': {'has_recent_search': False, 'last_location': None, 'last_sector': None, 'suggested_intent': None}, 'timestamp': '2025-10-29T21:56:10.248435'}
2025-10-29 21:56:10,276 - AutomationEngine - INFO - FEEDBACK: ❓ Anladığım kadarıyla bir bilgi istiyorsunuz, ancak tam olarak ne istediğinizi belirtmelisiniz.
2025-10-30 12:26:22,155 - AutomationEngine - INFO - sys.path güncellendi: C:\Users\ibrahim çete\Desktop\mini b2b 2
2025-10-30 12:26:29,773 - AutomationEngine - INFO - Gerekli sınıflar main.py'den başarıyla import edildi.
2025-10-30 12:26:29,775 - AutomationEngine - INFO - ✨ Gelişmiş AI NLP Parser yüklendi
2025-10-30 12:26:30,118 - main2 - INFO - PySide6 başarıyla yüklendi
2025-10-30 12:26:30,118 - main2 - INFO - WebEngine modülü yüklendi
2025-10-30 12:26:30,147 - main2 - INFO - Charts modülü yüklendi
2025-10-30 12:26:30,148 - main2 - INFO - OpenAI modülü yüklendi (yeni sürüm)
2025-10-30 12:26:30,148 - main2 - INFO - Requests modülü yüklendi
2025-10-30 12:26:35,931 - comtypes.client._code_cache - INFO - Imported existing <module 'comtypes.gen' from 'C:\\Users\\ibrahim çete\\AppData\\Roaming\\Python\\Python313\\site-packages\\comtypes\\gen\\__init__.py'>
2025-10-30 12:26:35,932 - comtypes.client._code_cache - INFO - Using writeable comtypes cache directory: 'C:\Users\ibrahim çete\AppData\Roaming\Python\Python313\site-packages\comtypes\gen'
2025-10-30 12:26:48,712 - AutomationEngine - INFO - MonitoringErrorHandler başlatıldı.
2025-10-30 12:26:48,816 - database - INFO - Veritabanı bağlantısı başarılı (deneme 1)
2025-10-30 12:26:48,818 - database - INFO - Tablolar başarıyla oluşturuldu
2025-10-30 12:26:48,820 - database - INFO - Veritabanı migrasyonu tamamlandı
2025-10-30 12:26:48,843 - database - INFO - İndeksler başarıyla oluşturuldu
2025-10-30 12:26:48,845 - database - INFO - Database başlatıldı
2025-10-30 12:26:48,845 - AutomationEngine - INFO - TaskExecutor başarıyla başlatıldı ve manager'lar yüklendi.
2025-10-30 12:26:48,846 - AutomationEngine - INFO - Kaydedilmiş iş akışı durumu bulunamadı.
2025-10-30 12:26:48,847 - AutomationEngine - INFO - WorkflowOrchestrator başlatıldı.
2025-10-30 12:26:48,872 - AutomationEngine - INFO - ✅ Öğrenme verileri yüklendi: 8 pattern, 12 başarılı örnek
2025-10-30 12:26:48,873 - AutomationEngine - INFO - 🧠 Gelişmiş Self-Learning NLP Parser başlatıldı
2025-10-30 12:26:48,873 - AutomationEngine - INFO - NLPCommandParser (legacy wrapper) başlatıldı
2025-10-30 12:26:48,897 - AutomationEngine - INFO - AILearningOptimizer başlatıldı.
2025-10-30 12:26:48,901 - AutomationEngine - INFO - FEEDBACK: ✅ Otomasyon Motoru başarıyla başlatıldı.
2025-10-30 12:26:48,902 - AutomationEngine - INFO - FEEDBACK: ✅ Yarım kalmış iş akışı bulunamadı.
2025-10-30 12:26:48,906 - database - INFO - Veritabanı bağlantısı başarılı (deneme 1)
2025-10-30 12:26:48,907 - database - INFO - Tablolar başarıyla oluşturuldu
2025-10-30 12:26:48,908 - database - INFO - Veritabanı migrasyonu tamamlandı
2025-10-30 12:26:48,912 - database - INFO - İndeksler başarıyla oluşturuldu
2025-10-30 12:26:48,914 - database - INFO - Database başlatıldı
2025-10-30 12:26:48,924 - tracking_database - INFO - ✅ Tracking tabloları oluşturuldu
2025-10-30 12:26:48,925 - tracking_database - INFO - ✅ Indexler oluşturuldu
2025-10-30 12:26:48,926 - tracking_database - INFO - 📊 Tracking Database başlatıldı: tracking.db
2025-10-30 12:26:48,926 - tracking_analytics - INFO - 📊 Tracking Analytics başlatıldı
2025-10-30 12:26:48,927 - tracking_gui_integration - INFO - ✅ Tracking Analytics başlatıldı
2025-10-30 12:26:48,953 - tracking_database - INFO - ✅ Tracking tabloları oluşturuldu
2025-10-30 12:26:48,954 - tracking_database - INFO - ✅ Indexler oluşturuldu
2025-10-30 12:26:48,955 - tracking_database - INFO - 📊 Tracking Database başlatıldı: tracking.db
2025-10-30 12:26:48,955 - tracking_gui_integration - INFO - ✅ Tracking Database başlatıldı
2025-10-30 12:26:48,956 - tracking_gui_integration - INFO - Tracking server URL: https://web-production-24136.up.railway.app
2025-10-30 12:27:01,970 - AutomationEngine - INFO - FEEDBACK: 🛑 Motor durduruluyor...
2025-10-30 12:27:01,977 - AutomationEngine - INFO - FEEDBACK: 👋 Motor durduruldu.
2025-10-30 12:27:01,978 - AutomationEngine - INFO - Otomasyon Motoru durduruldu.
2025-10-30 12:27:33,209 - AutomationEngine - INFO - sys.path güncellendi: C:\Users\ibrahim çete\Desktop\mini b2b 2
2025-10-30 12:27:36,251 - AutomationEngine - INFO - Gerekli sınıflar main.py'den başarıyla import edildi.
2025-10-30 12:27:36,254 - AutomationEngine - INFO - ✨ Gelişmiş AI NLP Parser yüklendi
2025-10-30 12:27:36,274 - main2 - INFO - PySide6 başarıyla yüklendi
2025-10-30 12:27:36,275 - main2 - INFO - WebEngine modülü yüklendi
2025-10-30 12:27:36,285 - main2 - INFO - Charts modülü yüklendi
2025-10-30 12:27:36,285 - main2 - INFO - OpenAI modülü yüklendi (yeni sürüm)
2025-10-30 12:27:36,285 - main2 - INFO - Requests modülü yüklendi
2025-10-30 12:27:40,037 - comtypes.client._code_cache - INFO - Imported existing <module 'comtypes.gen' from 'C:\\Users\\ibrahim çete\\AppData\\Roaming\\Python\\Python313\\site-packages\\comtypes\\gen\\__init__.py'>
2025-10-30 12:27:40,038 - comtypes.client._code_cache - INFO - Using writeable comtypes cache directory: 'C:\Users\ibrahim çete\AppData\Roaming\Python\Python313\site-packages\comtypes\gen'
2025-10-30 12:27:46,217 - AutomationEngine - INFO - MonitoringErrorHandler başlatıldı.
2025-10-30 12:27:46,225 - database - INFO - Veritabanı bağlantısı başarılı (deneme 1)
2025-10-30 12:27:46,226 - database - INFO - Tablolar başarıyla oluşturuldu
2025-10-30 12:27:46,226 - database - INFO - Veritabanı migrasyonu tamamlandı
2025-10-30 12:27:46,243 - database - INFO - İndeksler başarıyla oluşturuldu
2025-10-30 12:27:46,244 - database - INFO - Database başlatıldı
2025-10-30 12:27:46,245 - AutomationEngine - INFO - TaskExecutor başarıyla başlatıldı ve manager'lar yüklendi.
2025-10-30 12:27:46,245 - AutomationEngine - INFO - Kaydedilmiş iş akışı durumu bulunamadı.
2025-10-30 12:27:46,246 - AutomationEngine - INFO - WorkflowOrchestrator başlatıldı.
2025-10-30 12:27:46,247 - AutomationEngine - INFO - ✅ Öğrenme verileri yüklendi: 8 pattern, 12 başarılı örnek
2025-10-30 12:27:46,248 - AutomationEngine - INFO - 🧠 Gelişmiş Self-Learning NLP Parser başlatıldı
2025-10-30 12:27:46,248 - AutomationEngine - INFO - NLPCommandParser (legacy wrapper) başlatıldı
2025-10-30 12:27:46,249 - AutomationEngine - INFO - AILearningOptimizer başlatıldı.
2025-10-30 12:27:46,252 - AutomationEngine - INFO - FEEDBACK: ✅ Otomasyon Motoru başarıyla başlatıldı.
2025-10-30 12:27:46,253 - AutomationEngine - INFO - FEEDBACK: ✅ Yarım kalmış iş akışı bulunamadı.
2025-10-30 12:27:46,256 - database - INFO - Veritabanı bağlantısı başarılı (deneme 1)
2025-10-30 12:27:46,257 - database - INFO - Tablolar başarıyla oluşturuldu
2025-10-30 12:27:46,258 - database - INFO - Veritabanı migrasyonu tamamlandı
2025-10-30 12:27:46,262 - database - INFO - İndeksler başarıyla oluşturuldu
2025-10-30 12:27:46,262 - database - INFO - Database başlatıldı
2025-10-30 12:27:46,268 - tracking_database - INFO - ✅ Tracking tabloları oluşturuldu
2025-10-30 12:27:46,270 - tracking_database - INFO - ✅ Indexler oluşturuldu
2025-10-30 12:27:46,270 - tracking_database - INFO - 📊 Tracking Database başlatıldı: tracking.db
2025-10-30 12:27:46,271 - tracking_analytics - INFO - 📊 Tracking Analytics başlatıldı
2025-10-30 12:27:46,271 - tracking_gui_integration - INFO - ✅ Tracking Analytics başlatıldı
2025-10-30 12:27:46,285 - tracking_database - INFO - ✅ Tracking tabloları oluşturuldu
2025-10-30 12:27:46,286 - tracking_database - INFO - ✅ Indexler oluşturuldu
2025-10-30 12:27:46,286 - tracking_database - INFO - 📊 Tracking Database başlatıldı: tracking.db
2025-10-30 12:27:46,287 - tracking_gui_integration - INFO - ✅ Tracking Database başlatıldı
2025-10-30 12:27:46,287 - tracking_gui_integration - INFO - Tracking server URL: https://web-production-24136.up.railway.app
2025-10-30 12:28:35,822 - AutomationEngine - INFO - FEEDBACK: 🛑 Motor durduruluyor...
2025-10-30 12:28:35,827 - AutomationEngine - INFO - FEEDBACK: 👋 Motor durduruldu.
2025-10-30 12:28:35,828 - AutomationEngine - INFO - Otomasyon Motoru durduruldu.
2025-10-30 18:35:46,639 - AutomationEngine - INFO - sys.path güncellendi: C:\Users\ibrahim çete\Desktop\mini b2b 2
2025-10-30 18:35:49,674 - AutomationEngine - INFO - Gerekli sınıflar main.py'den başarıyla import edildi.
2025-10-30 18:35:49,676 - AutomationEngine - INFO - ✨ Gelişmiş AI NLP Parser yüklendi
2025-10-30 18:35:49,719 - main2 - INFO - PySide6 başarıyla yüklendi
2025-10-30 18:35:49,719 - main2 - INFO - WebEngine modülü yüklendi
2025-10-30 18:35:49,735 - main2 - INFO - Charts modülü yüklendi
2025-10-30 18:35:49,735 - main2 - INFO - OpenAI modülü yüklendi (yeni sürüm)
2025-10-30 18:35:49,735 - main2 - INFO - Requests modülü yüklendi
2025-10-30 18:35:53,194 - comtypes.client._code_cache - INFO - Imported existing <module 'comtypes.gen' from 'C:\\Users\\ibrahim çete\\AppData\\Roaming\\Python\\Python313\\site-packages\\comtypes\\gen\\__init__.py'>
2025-10-30 18:35:53,194 - comtypes.client._code_cache - INFO - Using writeable comtypes cache directory: 'C:\Users\ibrahim çete\AppData\Roaming\Python\Python313\site-packages\comtypes\gen'
2025-10-30 18:35:58,977 - AutomationEngine - INFO - MonitoringErrorHandler başlatıldı.
2025-10-30 18:35:58,990 - database - INFO - Veritabanı bağlantısı başarılı (deneme 1)
2025-10-30 18:35:58,991 - database - INFO - Tablolar başarıyla oluşturuldu
2025-10-30 18:35:58,991 - database - INFO - Veritabanı migrasyonu tamamlandı
2025-10-30 18:35:58,992 - database - INFO - İndeksler başarıyla oluşturuldu
2025-10-30 18:35:58,992 - database - INFO - Database başlatıldı
2025-10-30 18:35:58,993 - AutomationEngine - INFO - TaskExecutor başarıyla başlatıldı ve manager'lar yüklendi.
2025-10-30 18:35:58,993 - AutomationEngine - INFO - Kaydedilmiş iş akışı durumu bulunamadı.
2025-10-30 18:35:58,993 - AutomationEngine - INFO - WorkflowOrchestrator başlatıldı.
2025-10-30 18:35:59,018 - AutomationEngine - INFO - ✅ Öğrenme verileri yüklendi: 8 pattern, 12 başarılı örnek
2025-10-30 18:35:59,018 - AutomationEngine - INFO - 🧠 Gelişmiş Self-Learning NLP Parser başlatıldı
2025-10-30 18:35:59,018 - AutomationEngine - INFO - NLPCommandParser (legacy wrapper) başlatıldı
2025-10-30 18:35:59,034 - AutomationEngine - INFO - AILearningOptimizer başlatıldı.
2025-10-30 18:35:59,036 - AutomationEngine - INFO - FEEDBACK: ✅ Otomasyon Motoru başarıyla başlatıldı.
2025-10-30 18:35:59,037 - AutomationEngine - INFO - FEEDBACK: ✅ Yarım kalmış iş akışı bulunamadı.
2025-10-30 18:35:59,038 - database - INFO - Veritabanı bağlantısı başarılı (deneme 1)
2025-10-30 18:35:59,039 - database - INFO - Tablolar başarıyla oluşturuldu
2025-10-30 18:35:59,039 - database - INFO - Veritabanı migrasyonu tamamlandı
2025-10-30 18:35:59,040 - database - INFO - İndeksler başarıyla oluşturuldu
2025-10-30 18:35:59,040 - database - INFO - Database başlatıldı
2025-10-30 18:35:59,053 - tracking_database - INFO - ✅ Tracking tabloları oluşturuldu
2025-10-30 18:35:59,053 - tracking_database - INFO - ✅ Indexler oluşturuldu
2025-10-30 18:35:59,054 - tracking_database - INFO - 📊 Tracking Database başlatıldı: tracking.db
2025-10-30 18:35:59,054 - tracking_analytics - INFO - 📊 Tracking Analytics başlatıldı
2025-10-30 18:35:59,054 - tracking_gui_integration - INFO - ✅ Tracking Analytics başlatıldı
2025-10-30 18:35:59,055 - tracking_database - INFO - ✅ Tracking tabloları oluşturuldu
2025-10-30 18:35:59,055 - tracking_database - INFO - ✅ Indexler oluşturuldu
2025-10-30 18:35:59,056 - tracking_database - INFO - 📊 Tracking Database başlatıldı: tracking.db
2025-10-30 18:35:59,056 - tracking_gui_integration - INFO - ✅ Tracking Database başlatıldı
2025-10-30 18:35:59,056 - tracking_gui_integration - INFO - Tracking server URL: https://web-production-24136.up.railway.app
2025-10-30 18:36:07,535 - AutomationEngine - INFO - FEEDBACK: 🛑 Motor durduruluyor...
2025-10-30 18:36:07,537 - AutomationEngine - INFO - FEEDBACK: 👋 Motor durduruldu.
2025-10-30 18:36:07,537 - AutomationEngine - INFO - Otomasyon Motoru durduruldu.
2025-10-30 18:38:23,776 - AutomationEngine - INFO - sys.path güncellendi: C:\Users\ibrahim çete\Desktop\mini b2b 2
2025-10-30 18:38:26,518 - AutomationEngine - INFO - Gerekli sınıflar main.py'den başarıyla import edildi.
2025-10-30 18:38:26,520 - AutomationEngine - INFO - ✨ Gelişmiş AI NLP Parser yüklendi
2025-10-30 18:38:26,537 - main2 - INFO - PySide6 başarıyla yüklendi
2025-10-30 18:38:26,537 - main2 - INFO - WebEngine modülü yüklendi
2025-10-30 18:38:26,552 - main2 - INFO - Charts modülü yüklendi
2025-10-30 18:38:26,552 - main2 - INFO - OpenAI modülü yüklendi (yeni sürüm)
2025-10-30 18:38:26,552 - main2 - INFO - Requests modülü yüklendi
2025-10-30 18:38:30,079 - comtypes.client._code_cache - INFO - Imported existing <module 'comtypes.gen' from 'C:\\Users\\ibrahim çete\\AppData\\Roaming\\Python\\Python313\\site-packages\\comtypes\\gen\\__init__.py'>
2025-10-30 18:38:30,079 - comtypes.client._code_cache - INFO - Using writeable comtypes cache directory: 'C:\Users\ibrahim çete\AppData\Roaming\Python\Python313\site-packages\comtypes\gen'
2025-10-30 18:38:35,549 - AutomationEngine - INFO - MonitoringErrorHandler başlatıldı.
2025-10-30 18:38:35,558 - database - INFO - Veritabanı bağlantısı başarılı (deneme 1)
2025-10-30 18:38:35,559 - database - INFO - Tablolar başarıyla oluşturuldu
2025-10-30 18:38:35,559 - database - INFO - Veritabanı migrasyonu tamamlandı
2025-10-30 18:38:35,560 - database - INFO - İndeksler başarıyla oluşturuldu
2025-10-30 18:38:35,560 - database - INFO - Database başlatıldı
2025-10-30 18:38:35,560 - AutomationEngine - INFO - TaskExecutor başarıyla başlatıldı ve manager'lar yüklendi.
2025-10-30 18:38:35,560 - AutomationEngine - INFO - Kaydedilmiş iş akışı durumu bulunamadı.
2025-10-30 18:38:35,560 - AutomationEngine - INFO - WorkflowOrchestrator başlatıldı.
2025-10-30 18:38:35,561 - AutomationEngine - INFO - ✅ Öğrenme verileri yüklendi: 8 pattern, 12 başarılı örnek
2025-10-30 18:38:35,561 - AutomationEngine - INFO - 🧠 Gelişmiş Self-Learning NLP Parser başlatıldı
2025-10-30 18:38:35,561 - AutomationEngine - INFO - NLPCommandParser (legacy wrapper) başlatıldı
2025-10-30 18:38:35,562 - AutomationEngine - INFO - AILearningOptimizer başlatıldı.
2025-10-30 18:38:35,564 - AutomationEngine - INFO - FEEDBACK: ✅ Otomasyon Motoru başarıyla başlatıldı.
2025-10-30 18:38:35,564 - AutomationEngine - INFO - FEEDBACK: ✅ Yarım kalmış iş akışı bulunamadı.
2025-10-30 18:38:35,565 - database - INFO - Veritabanı bağlantısı başarılı (deneme 1)
2025-10-30 18:38:35,565 - database - INFO - Tablolar başarıyla oluşturuldu
2025-10-30 18:38:35,566 - database - INFO - Veritabanı migrasyonu tamamlandı
2025-10-30 18:38:35,566 - database - INFO - İndeksler başarıyla oluşturuldu
2025-10-30 18:38:35,567 - database - INFO - Database başlatıldı
2025-10-30 18:38:35,568 - tracking_database - INFO - ✅ Tracking tabloları oluşturuldu
2025-10-30 18:38:35,569 - tracking_database - INFO - ✅ Indexler oluşturuldu
2025-10-30 18:38:35,569 - tracking_database - INFO - 📊 Tracking Database başlatıldı: tracking.db
2025-10-30 18:38:35,569 - tracking_analytics - INFO - 📊 Tracking Analytics başlatıldı
2025-10-30 18:38:35,569 - tracking_gui_integration - INFO - ✅ Tracking Analytics başlatıldı
2025-10-30 18:38:35,570 - tracking_database - INFO - ✅ Tracking tabloları oluşturuldu
2025-10-30 18:38:35,570 - tracking_database - INFO - ✅ Indexler oluşturuldu
2025-10-30 18:38:35,570 - tracking_database - INFO - 📊 Tracking Database başlatıldı: tracking.db
2025-10-30 18:38:35,570 - tracking_gui_integration - INFO - ✅ Tracking Database başlatıldı
2025-10-30 18:38:35,570 - tracking_gui_integration - INFO - Tracking server URL: https://web-production-24136.up.railway.app
2025-10-30 19:16:45,282 - AutomationEngine - INFO - sys.path güncellendi: C:\Users\ibrahim çete\Desktop\mini b2b 2
2025-10-30 19:16:48,449 - AutomationEngine - INFO - Gerekli sınıflar main.py'den başarıyla import edildi.
2025-10-30 19:16:48,451 - AutomationEngine - INFO - ✨ Gelişmiş AI NLP Parser yüklendi
2025-10-30 19:16:48,468 - main2 - INFO - PySide6 başarıyla yüklendi
2025-10-30 19:16:48,468 - main2 - INFO - WebEngine modülü yüklendi
2025-10-30 19:16:48,490 - main2 - INFO - Charts modülü yüklendi
2025-10-30 19:16:48,490 - main2 - INFO - OpenAI modülü yüklendi (yeni sürüm)
2025-10-30 19:16:48,491 - main2 - INFO - Requests modülü yüklendi
2025-10-30 19:16:52,085 - comtypes.client._code_cache - INFO - Imported existing <module 'comtypes.gen' from 'C:\\Users\\ibrahim çete\\AppData\\Roaming\\Python\\Python313\\site-packages\\comtypes\\gen\\__init__.py'>
2025-10-30 19:16:52,086 - comtypes.client._code_cache - INFO - Using writeable comtypes cache directory: 'C:\Users\ibrahim çete\AppData\Roaming\Python\Python313\site-packages\comtypes\gen'
2025-10-30 19:16:58,037 - AutomationEngine - INFO - MonitoringErrorHandler başlatıldı.
2025-10-30 19:16:58,071 - database - INFO - Veritabanı bağlantısı başarılı (deneme 1)
2025-10-30 19:16:58,071 - database - INFO - Tablolar başarıyla oluşturuldu
2025-10-30 19:16:58,072 - database - INFO - Veritabanı migrasyonu tamamlandı
2025-10-30 19:16:58,082 - database - INFO - İndeksler başarıyla oluşturuldu
2025-10-30 19:16:58,083 - database - INFO - Database başlatıldı
2025-10-30 19:16:58,083 - AutomationEngine - INFO - TaskExecutor başarıyla başlatıldı ve manager'lar yüklendi.
2025-10-30 19:16:58,083 - AutomationEngine - INFO - Kaydedilmiş iş akışı durumu bulunamadı.
2025-10-30 19:16:58,083 - AutomationEngine - INFO - WorkflowOrchestrator başlatıldı.
2025-10-30 19:16:58,084 - AutomationEngine - INFO - ✅ Öğrenme verileri yüklendi: 8 pattern, 12 başarılı örnek
2025-10-30 19:16:58,084 - AutomationEngine - INFO - 🧠 Gelişmiş Self-Learning NLP Parser başlatıldı
2025-10-30 19:16:58,084 - AutomationEngine - INFO - NLPCommandParser (legacy wrapper) başlatıldı
2025-10-30 19:16:58,085 - AutomationEngine - INFO - AILearningOptimizer başlatıldı.
2025-10-30 19:16:58,087 - AutomationEngine - INFO - FEEDBACK: ✅ Otomasyon Motoru başarıyla başlatıldı.
2025-10-30 19:16:58,087 - AutomationEngine - INFO - FEEDBACK: ✅ Yarım kalmış iş akışı bulunamadı.
2025-10-30 19:16:58,088 - database - INFO - Veritabanı bağlantısı başarılı (deneme 1)
2025-10-30 19:16:58,088 - database - INFO - Tablolar başarıyla oluşturuldu
2025-10-30 19:16:58,089 - database - INFO - Veritabanı migrasyonu tamamlandı
2025-10-30 19:16:58,090 - database - INFO - İndeksler başarıyla oluşturuldu
2025-10-30 19:16:58,090 - database - INFO - Database başlatıldı
2025-10-30 19:16:58,092 - tracking_database - INFO - ✅ Tracking tabloları oluşturuldu
2025-10-30 19:16:58,092 - tracking_database - INFO - ✅ Indexler oluşturuldu
2025-10-30 19:16:58,092 - tracking_database - INFO - 📊 Tracking Database başlatıldı: tracking.db
2025-10-30 19:16:58,093 - tracking_analytics - INFO - 📊 Tracking Analytics başlatıldı
2025-10-30 19:16:58,093 - tracking_gui_integration - INFO - ✅ Tracking Analytics başlatıldı
2025-10-30 19:16:58,103 - tracking_database - INFO - ✅ Tracking tabloları oluşturuldu
2025-10-30 19:16:58,103 - tracking_database - INFO - ✅ Indexler oluşturuldu
2025-10-30 19:16:58,103 - tracking_database - INFO - 📊 Tracking Database başlatıldı: tracking.db
2025-10-30 19:16:58,104 - tracking_gui_integration - INFO - ✅ Tracking Database başlatıldı
2025-10-30 19:16:58,104 - tracking_gui_integration - INFO - Tracking server URL: https://web-production-24136.up.railway.app
2025-10-30 19:17:14,907 - main2 - ERROR - API key boş
